-- phpMyAdmin SQL Dump
-- version 4.7.7
-- https://www.phpmyadmin.net/
--
-- Host: localhost:3306
-- Generation Time: Sep 26, 2018 at 09:16 AM
-- Server version: 5.6.40
-- PHP Version: 5.6.30

SET SQL_MODE = "NO_AUTO_VALUE_ON_ZERO";
SET AUTOCOMMIT = 0;
START TRANSACTION;
SET time_zone = "+00:00";


/*!40101 SET @OLD_CHARACTER_SET_CLIENT=@@CHARACTER_SET_CLIENT */;
/*!40101 SET @OLD_CHARACTER_SET_RESULTS=@@CHARACTER_SET_RESULTS */;
/*!40101 SET @OLD_COLLATION_CONNECTION=@@COLLATION_CONNECTION */;
/*!40101 SET NAMES utf8mb4 */;

--
-- Database: `fsbxqqvs_felice`
--

-- --------------------------------------------------------

--
-- Table structure for table `about_us`
--

CREATE TABLE `about_us` (
  `about_id` smallint(6) NOT NULL,
  `link_fb` varchar(255) NOT NULL,
  `link_ig` varchar(255) NOT NULL,
  `link_ig_2` varchar(255) NOT NULL,
  `link_ig_3` varchar(255) NOT NULL,
  `link_youtube` varchar(255) NOT NULL,
  `link_twitter` varchar(255) NOT NULL,
  `about_tgl_input` date NOT NULL,
  `about_ket` varchar(255) NOT NULL,
  `last_update` timestamp NOT NULL DEFAULT CURRENT_TIMESTAMP ON UPDATE CURRENT_TIMESTAMP,
  `last_user_id` smallint(6) NOT NULL,
  `is_delete` tinyint(1) NOT NULL,
  `is_permanent` tinyint(1) NOT NULL
) ENGINE=InnoDB DEFAULT CHARSET=latin1;

--
-- Dumping data for table `about_us`
--

INSERT INTO `about_us` (`about_id`, `link_fb`, `link_ig`, `link_ig_2`, `link_ig_3`, `link_youtube`, `link_twitter`, `about_tgl_input`, `about_ket`, `last_update`, `last_user_id`, `is_delete`, `is_permanent`) VALUES
(1, 'https://www.facebook.com/?_rdr=p', 'https://www.instagram.com/', 'https://www.instagram.com/', 'https://www.instagram.com/', 'https://www.youtube.com/', 'https://twitter.com/', '2015-12-21', '', '2015-12-20 20:52:47', 1, 0, 1);

-- --------------------------------------------------------

--
-- Table structure for table `ci_sessions`
--

CREATE TABLE `ci_sessions` (
  `id` varchar(40) NOT NULL,
  `ip_address` varchar(45) NOT NULL,
  `timestamp` int(10) UNSIGNED NOT NULL DEFAULT '0',
  `data` blob NOT NULL
) ENGINE=InnoDB DEFAULT CHARSET=latin1;

--
-- Dumping data for table `ci_sessions`
--

INSERT INTO `ci_sessions` (`id`, `ip_address`, `timestamp`, `data`) VALUES
('00c2e85b7a1faaa8483b10603dfbe58bf3f3f611', '192.168.1.3', 1463560518, 0x5f5f63695f6c6173745f726567656e65726174657c693a313436333536303530373b7469746c657c733a32353a2246656c69636520466c6f72697374202620536f7576656e6972223b),
('065ed36a18487347d88ad935dbb6f7077d40c0f8', '36.80.240.123', 1535093716, 0x41594b5365556a46303452794b376237376f54783775496972414d3376776c515a6c555170613237357531476a4e50354c3041426b6b41616e4239344d53464a397353636f676e737a763436676f4e33753734364b512e2e),
('076004202dd7c1263623d2993582f45bbd4a873c', '192.168.1.8', 1450671424, 0x5f5f63695f6c6173745f726567656e65726174657c693a313435303637313230383b7469746c657c733a32353a2246656c69636520466c6f72697374202620536f7576656e6972223b7375627469746c657c733a31323a22446174612050726f66696c65223b757365725f69647c733a313a2231223b726f6c655f69647c733a313a2231223b757365725f6e616d657c733a353a2261646d696e223b616b7365737c733a313a2231223b616b7365735f696e736572747c733a313a2231223b616b7365735f656469747c733a313a2231223b616b7365735f64656c6574657c733a313a2231223b616b7365735f69647c733a303a22223b6c6173745f69647c693a323636393b),
('07799ad5c0961c886cde71ad20cb98879b2cc5a0', '192.168.1.4', 1472198201, 0x5f5f63695f6c6173745f726567656e65726174657c693a313437323139383230313b7469746c657c733a32353a2246656c69636520466c6f72697374202620536f7576656e6972223b),
('0a487769943a753d8a379587632247a3c380ba15', '192.168.1.8', 1458118398, 0x5f5f63695f6c6173745f726567656e65726174657c693a313435383131383330313b),
('11a98ca77b6e001bc87d7312a3cd9a25eb9c927b', '192.168.1.8', 1450671122, 0x5f5f63695f6c6173745f726567656e65726174657c693a313435303637303838363b7469746c657c733a32353a2246656c69636520466c6f72697374202620536f7576656e6972223b7375627469746c657c733a31323a22446174612050726f66696c65223b757365725f69647c733a313a2231223b726f6c655f69647c733a313a2231223b757365725f6e616d657c733a353a2261646d696e223b616b7365737c733a313a2231223b616b7365735f696e736572747c733a313a2231223b616b7365735f656469747c733a313a2231223b616b7365735f64656c6574657c733a313a2231223b616b7365735f69647c733a303a22223b6c6173745f69647c693a323636393b),
('126f12b5aba9180996ba45b681cf3a985b7c82ea', '36.80.240.123', 1535092356, 0x5132616f66347972636d5f7454463664734c6d4462514b39533657417a4c676c3766673972786c43704e634c7939385747746271436b725779697034547a673338355177504b675448445871546e47765a5638594d412e2e),
('14c44006c78017128f28c81b4105ad8f5d6c6a2d', '192.168.1.8', 1458116113, 0x5f5f63695f6c6173745f726567656e65726174657c693a313435383131363036363b),
('14db6a1e334b5158bca75b7fee725df9af911874', '192.168.1.8', 1458116537, 0x5f5f63695f6c6173745f726567656e65726174657c693a313435383131363437393b),
('15a37bba545578e4b1c1104ff4dcbdd500266bd6', '192.168.1.8', 1450665208, 0x5f5f63695f6c6173745f726567656e65726174657c693a313435303636353030383b7469746c657c733a32353a2246656c69636520466c6f72697374202620536f7576656e6972223b7375627469746c657c733a31313a22446174612050726f64756b223b757365725f69647c733a313a2231223b726f6c655f69647c733a313a2231223b757365725f6e616d657c733a353a2261646d696e223b616b7365737c733a313a2231223b616b7365735f696e736572747c733a313a2231223b616b7365735f656469747c733a313a2231223b616b7365735f64656c6574657c733a313a2231223b616b7365735f69647c733a303a22223b6c6173745f69647c693a323636383b),
('190690d62bd340ad484d3e69a7a59f6dd1ced695', '::1', 1450666575, 0x5f5f63695f6c6173745f726567656e65726174657c693a313435303636363334363b7469746c657c733a32353a2246656c69636520466c6f72697374202620536f7576656e6972223b7375627469746c657c733a31313a22446174612050726f64756b223b757365725f69647c733a313a2231223b726f6c655f69647c733a313a2231223b757365725f6e616d657c733a353a2261646d696e223b616b7365737c733a313a2230223b616b7365735f696e736572747c733a313a2230223b616b7365735f656469747c733a313a2230223b616b7365735f64656c6574657c733a313a2230223b616b7365735f69647c733a303a22223b6c6173745f69647c693a323637373b616b7365735f706173735f69647c733a343a2275736572223b),
('19aa3f198dfc961c1be02643890e10f01a6df64f', '192.168.1.12', 1458118655, 0x5f5f63695f6c6173745f726567656e65726174657c693a313435383131383535373b),
('1dd19cecc19fb3b1d3433858866e765c2a12465e', '192.168.1.8', 1450668954, 0x5f5f63695f6c6173745f726567656e65726174657c693a313435303636383639303b7469746c657c733a32353a2246656c69636520466c6f72697374202620536f7576656e6972223b7375627469746c657c733a31323a22446174612050726f66696c65223b757365725f69647c733a313a2231223b726f6c655f69647c733a313a2231223b757365725f6e616d657c733a353a2261646d696e223b616b7365737c733a313a2231223b616b7365735f696e736572747c733a313a2231223b616b7365735f656469747c733a313a2231223b616b7365735f64656c6574657c733a313a2231223b616b7365735f69647c733a303a22223b6c6173745f69647c693a323636393b),
('1f2e85c599e044ae5c9dbca09370718026472cf5', '36.80.240.123', 1535101431, 0x34314b747252753445726c38657535527870372d5873312d6c4a4d704e747944527239356d366f6a4677325752586862345130644a7341556f31576c756d49545f3651743878556d616c334d716a345a465f463336512e2e),
('1f50799757a39a71c2ea633fc0971c8af37bf710', '36.81.78.54', 1534138666, 0x77646e49664e696d573147724756556333583979713751697356474c377a656a552d724c34697a734758366671416270692d4e6535465a617864327936773242364672796962547a3170596967353738646e6a4635672e2e),
('21190879337994bd6ab8d2ac85d1e1f0e1cc1ef3', '36.80.240.123', 1535102290, 0x737147546342597a354d4e366c7466683276593141326443366d2d57306166594c6d5173786f373772503841376a3246324870787772596c667838734f423067502d555a6a507637774e42457a59506a5467517a53512e2e),
('21c720cc6457ba7b17f286ea070fe409c193e064', '192.168.1.5', 1450773045, 0x5f5f63695f6c6173745f726567656e65726174657c693a313435303737323832383b7469746c657c733a32353a2246656c69636520466c6f72697374202620536f7576656e6972223b7375627469746c657c733a303a22223b),
('22c1d5ec3db854e5e3095213709ddb493fa5da01', '180.245.133.81', 1535254871, 0x7a78587156644a316467646d616f3579384671455a703951587678585738544f56454b45664a57567269737869577232715a753164574b4f59317765584a3757374c37375863687a55496d345654544f37484b484b772e2e),
('22ffccf6becfe09dc53ec5b6c21b14aa318a9fa6', '192.168.1.4', 1472199092, 0x5f5f63695f6c6173745f726567656e65726174657c693a313437323139393039313b7469746c657c733a32353a2246656c69636520466c6f72697374202620536f7576656e6972223b),
('292ff238ce1588d9918a5a89f2a23940e933fca3', '36.73.45.113', 1537180637, 0x644f3472694f7a59493379416643775144537a4c514f4a384336557137536a725a68593077633051635a6f633853557442674f6c77722d4a4372394145585350636538427048367771597448506e42634570586d6e6b59376a4c466933615f5465635f7259633354432d423867795569465a4a326b4b384f626d374436706838),
('2d58e03ba13f0162266ce06f63e4f8d5be818a69', '192.168.1.4', 1472177799, 0x5f5f63695f6c6173745f726567656e65726174657c693a313437323137373739393b),
('2dce75f126a6ccdc733d42fd26309980665f778c', '36.81.58.253', 1537327393, 0x374d55626858426348696c326a4a6a57423532384956504c4b5a45565a7076624a337142322d49327264472d7739646277384836715f364175384b7673724a4e5f35345a775a5a32365037667863776849552d344b512e2e),
('353e49a62e1a2a8b10beb0c79edf6a591311e0cf', '192.168.1.12', 1450671129, 0x5f5f63695f6c6173745f726567656e65726174657c693a313435303637303931353b),
('36d98c6f93ce5dbd022c919c33063ddf5a039f8e', '192.168.1.8', 1450669295, 0x5f5f63695f6c6173745f726567656e65726174657c693a313435303636393231373b7469746c657c733a32353a2246656c69636520466c6f72697374202620536f7576656e6972223b7375627469746c657c733a31323a22446174612050726f66696c65223b757365725f69647c733a313a2231223b726f6c655f69647c733a313a2231223b757365725f6e616d657c733a353a2261646d696e223b616b7365737c733a313a2231223b616b7365735f696e736572747c733a313a2231223b616b7365735f656469747c733a313a2231223b616b7365735f64656c6574657c733a313a2231223b616b7365735f69647c733a303a22223b6c6173745f69647c693a323636393b),
('381521dd919d69ace8b68b5730ebc276d9aae21d', '192.168.1.7', 1450672107, 0x5f5f63695f6c6173745f726567656e65726174657c693a313435303637323130373b),
('3bm7dq88j4qlri3nre6d41kt70', '36.80.240.123', 1535091579, 0x353252734343744a504f716d77684768646a456a4f506e307568513664746f5f45566879586e6d754b416945537176795f37795a5a34776f33394a6e695f6538364b752d775235684d545554712d48646f6c5f3066412e2e),
('3cd17562e553815e6e5ef90125130b4bb537b2a9', '36.80.240.123', 1535090818, 0x7a314b5f35516d324d567a317632324b50776e4f5f6869616f2d434d763643396265306b6d4f34745f44745658347067457a326f6f477039474c776246757073467239585a356f2d67775679316c36365f5843324e772e2e),
('3cfeb2f77c3b669b2f402dcfc170c1d56fdd0baa', '192.168.1.12', 1450664960, 0x5f5f63695f6c6173745f726567656e65726174657c693a313435303636343934303b),
('3ecaf52eee650e168df8aa067c4cd6a4c52e7a3e', '192.168.1.12', 1450671310, 0x5f5f63695f6c6173745f726567656e65726174657c693a313435303637313239383b),
('400b23dbd3257856f8e69270ac43553be0be9241', '192.168.1.4', 1472194603, 0x5f5f63695f6c6173745f726567656e65726174657c693a313437323139343437333b7469746c657c733a32353a2246656c69636520466c6f72697374202620536f7576656e6972223b),
('427c0ad466a1159423d9bdbdf0e534ac0a60c481', '192.168.1.7', 1450672108, 0x5f5f63695f6c6173745f726567656e65726174657c693a313435303637323130383b),
('4470e583bf7c77bdab44f8b7d6a17c4ffea0cb90', '36.80.240.123', 1535101096, 0x6c432d354630315f5555384d44654b2d71377a7259563249644e436430625270756771543956486c6d57712d636d694b4872644b4a4c394b32645f324970475a744d576f546575374c5863536365725a3272625646412e2e),
('46a1b7bcdd6f0a6bd06613ab15f5f800a2bfaf60', '36.80.240.123', 1535093056, 0x6152366b43706f7341426970774676714d61765539456465525747496a715674556175614456414564584b5a4f693451626f4d5a463275526357515862786764365958754546395a424a305247434d556b4751505a672e2e),
('48cbf95d7f43416110b56eb97d6808d6607d6bd5', '36.81.9.5', 1537176266, 0x6c6e357a484a4c4a684b62576552346348736c6a6670334d43353151553178616c70797a5963694f4830337972466577474159723849552d656b6d774264706355564e694e7a4769716d555458575f577551575a72596b3738464745506338704538636f452d64415041704775584454794e4877357a7a6f4f53757a6b514e6a),
('4cb7825709dd8cf33821d7fff13505f0331d8a12', '36.81.78.54', 1534140679, 0x436a6667706e75544b7a41627331325a65416434334a4573546832412d635869425031735f796d4e695f56313067436b6b4972447a50576a2d727057473561436672303439735f59562d7453347638766a2d4c484663335457464568576e6f5861424372674a61656d697855336b4358312d525a43626e444e58595a76386e36),
('4df170d135dec8aae80d8070ce2ab906e1abca9c', '36.81.58.253', 1537326859, 0x6668374652385775364861677a527752735751314c2d466a664f516f4d2d4f4267574d2d416951544b617a4d626d524732613942634e58354c454e77697a65574861326849723057634b4b66676f394f457a4b765f672e2e),
('4e4bdf8542ec560dc64fb7609883ea2814165454', '36.80.240.123', 1535104319, 0x4b34712d50753863593271614e6a71505a4f59426845354f4256366549444e6f573454306f6c66497961485a425a72624e3769462d66547944704a614355727a794556666e48624654694d32726d785156327a516176634464333342365548364f496d4c59477a426c537a4763586247716f2d49744c54506474505f5335616b3247615a3158376f766f6f4e4974644e4c6a7a4432672e2e),
('51e5e37c837666cf1d52f62bd93730462309fb7a', '192.168.1.9', 1458118540, 0x5f5f63695f6c6173745f726567656e65726174657c693a313435383131383534303b),
('52e7c92b2388b58f135619b328b5c0ee776bc800', '64.233.173.56', 1535364891, 0x6f6c65634f5937734e504c684634556644696b644835346e4a584153472d79333232365269755079425044573778465372364b7131643558416a4d6f434b6b68386d4e4a76784335524d6748477a62714243505351772e2e),
('53ff5a5e83a3708e0b33570340766be13c8d3669', '36.81.78.54', 1534140792, 0x4f6831492d3050534353713663594637324835744f73657371636f35586156375833537866534c2d5a373043307931346e775677426f384c304f4d704c67754c6e7850665a7249786e4352307371552d5673614f52676c426f4232314b76614b687656695f535735442d4f645f546572446843687a6c72454a70704372567068),
('5677bfd0037ff3237c76f9f26f68c83111b195d1', '36.80.240.123', 1535104655, 0x483644364f6f7579723556575847517742317631577a4b6d306b6231305279764a6e7a5458684c7044717638554a674177484e726155357259617a4e663044433731467153426b4b4e5030614e4d314f7871745833565741666a6b4146306242707266594543364d4e4e4153454e6375377a38433154572d5136564d6b7a78556e6b7246446179785f51626f4b7a446c4149446454512e2e),
('57266a89db85b141902558623eeaa89d1ab7ea14', '36.80.240.123', 1535103694, 0x444f4446712d6e647a65773533363066584f6e4b774f2d61687968716a455665344a356a354c696e50754f597968416563694a43384b43393647463076463849555866496e4d39614f794d31374e776951325471507a676f4d757a706136303247725432457474306e66434a556356587252446f4f6e6a5a6a65776477525a4c),
('595946b516b24ade136606257acf466465d6123c', '36.73.89.7', 1534215029, 0x5456763768503347524e316e6d3639703158763578794e637a6d795a487a664443536d54386e43326d6b724e4757522d52755366373554634a6f64694f6558536963636a4530356531714245664b72553476744d66672e2e),
('5eb6ef7e096fc3c35e602809ffd3559a5d8953c3', '64.233.173.58', 1535364275, 0x787437636d4f613358757762725a54366554317778554844416152755f534a6d7762764952486e69414c3066566830444955684435594f6b30374d476f7070303256374c4334315f4f667a4b676555596552463349672e2e),
('61e2f6df2580cced9e30dae39ca45c9224e2dfa1', '36.80.240.123', 1535094591, 0x5432514a787a324b45506167346a72392d4853756d5238787051534c51384f37367254496c736a49514d464f615956336f716c6b3337634e78447077674372345a6e4a6d4a77545a305a4854634550555547326946772e2e),
('6273279ccbf0b062e62eac4e744ee44eb1b653e7', '192.168.1.3', 1470727546, 0x5f5f63695f6c6173745f726567656e65726174657c693a313437303732373531353b),
('63316ad1e0aa79b0a984b949d012c80687065d0a', '192.168.1.12', 1450667943, 0x5f5f63695f6c6173745f726567656e65726174657c693a313435303636373738363b),
('6458ba6cc90a83038ae5e889b7822cdd56fe308d', '168.235.195.52', 1537626050, 0x4d41615f3345306f6c7870396c7836546a7057592d6162715757694e703651515f59487651317038514b2d71486f654a665366766f42544d6a47417a2d6c432d34546c344d726c384b375443576c56376f51376343512e2e),
('64a369ef19e9aa9b496fd1c603c1dd056a47d270', '192.168.1.8', 1450673136, 0x5f5f63695f6c6173745f726567656e65726174657c693a313435303637333031323b7469746c657c733a32353a2246656c69636520466c6f72697374202620536f7576656e6972223b7375627469746c657c733a393a224461746120526f6c65223b757365725f69647c733a313a2231223b726f6c655f69647c733a313a2231223b757365725f6e616d657c733a353a2261646d696e223b616b7365737c733a313a2231223b616b7365735f696e736572747c733a313a2231223b616b7365735f656469747c733a313a2231223b616b7365735f64656c6574657c733a313a2231223b616b7365735f69647c733a303a22223b6c6173745f69647c693a323732393b),
('67d8c690ef0198b9740adcf7310e0c8eea1cde37', '192.168.1.4', 1472180602, 0x5f5f63695f6c6173745f726567656e65726174657c693a313437323138303630323b7469746c657c733a32353a2246656c69636520466c6f72697374202620536f7576656e6972223b),
('6c4a8fb09ddbb20e86fefe160e6199bf920794d4', '36.80.240.123', 1535101683, 0x77796633413942345843584a6272356d78696d6a5438386d526a6b366e2d7464727444614a66544933674b4b345a746b566f567761427645397077754c7179584c64514f683375573359465562536c6d54756c5767512e2e),
('6dfc410e7fb6bcd35a3bf88f9c143faea9910362', '36.80.240.123', 1535104002, 0x52794a33666279515173555a4e555036343538687656307456413059366754766d6e736a3242574e36345178516545617865613872474d6973302d754a58486a615f6373544544595769555a5042784b736b625a68772e2e),
('6f3539724bddf5fb607d8904f978232ecf2ed49a', '36.80.240.123', 1535092922, 0x684e67695a6230626531395f686f4f386973766846327739436c63564c66785f535257456434456a41304b364e35486456336869756a75385f77496f5867706949385846305f62725f4a5365346c5469642d6e6841672e2e),
('744fddada22b577778ab556a5f8b12c4c5de3f62', '180.253.134.42', 1535365115, 0x68433841654b5a716359796d3479595876773073567650476a473757367165312d50426b573043455a59514e564d4f636550546c4c453858747332425877455a6848426b4872785135616c5252487357416e32374b512e2e),
('75eabd3a4ab7d1b83c38bb924f6a888df40079b6', '192.168.1.7', 1480403643, 0x5f5f63695f6c6173745f726567656e65726174657c693a313438303430333436363b7469746c657c733a32353a2246656c69636520466c6f72697374202620536f7576656e6972223b7375627469746c657c733a31363a2244617461204c696e6b20536f6369616c223b757365725f69647c733a313a2231223b726f6c655f69647c733a313a2231223b757365725f6e616d657c733a353a2261646d696e223b616b7365737c733a313a2231223b616b7365735f696e736572747c733a313a2231223b616b7365735f656469747c733a313a2231223b616b7365735f64656c6574657c733a313a2231223b616b7365735f69647c733a303a22223b616b7365735f706173735f69647c733a343a2275736572223b6c6173745f69647c693a323733353b),
('774eb13bd8d5296d18ae7ede0a315d2bfef5bc15', '36.80.240.123', 1535102409, 0x5979747a7931656b33435850595a3634657a4a473133392d6e593534735945675a5559717947583654704f515f335357442d3172374c7574786b6c4e786874426b336d75546944526832646a764a75744e39473068772e2e),
('7a352c63ce2d731fb57eaafc212ca9e95ae9fc41', '192.168.1.8', 1450670395, 0x5f5f63695f6c6173745f726567656e65726174657c693a313435303637303130323b7469746c657c733a32353a2246656c69636520466c6f72697374202620536f7576656e6972223b7375627469746c657c733a31323a22446174612050726f66696c65223b757365725f69647c733a313a2231223b726f6c655f69647c733a313a2231223b757365725f6e616d657c733a353a2261646d696e223b616b7365737c733a313a2231223b616b7365735f696e736572747c733a313a2231223b616b7365735f656469747c733a313a2231223b616b7365735f64656c6574657c733a313a2231223b616b7365735f69647c733a303a22223b6c6173745f69647c693a323636393b),
('7bc818953c29b67cf986a7c516a6b38396917854', '192.168.1.4', 1472178671, 0x5f5f63695f6c6173745f726567656e65726174657c693a313437323137383431333b7469746c657c733a32353a2246656c69636520466c6f72697374202620536f7576656e6972223b),
('7eb87cbff0fcdaec50cca9f0efb8d83e83b3d9f2', '192.168.1.12', 1450671603, 0x5f5f63695f6c6173745f726567656e65726174657c693a313435303637313630333b),
('7f6ec6a583ef27d6315dabfd7531c7aea64705d4', '::1', 1450667817, 0x5f5f63695f6c6173745f726567656e65726174657c693a313435303636373537333b7469746c657c733a32353a2246656c69636520466c6f72697374202620536f7576656e6972223b7375627469746c657c733a31313a22446174612050726f64756b223b757365725f69647c733a313a2231223b726f6c655f69647c733a313a2231223b757365725f6e616d657c733a353a2261646d696e223b616b7365737c733a313a2231223b616b7365735f696e736572747c733a313a2231223b616b7365735f656469747c733a313a2231223b616b7365735f64656c6574657c733a313a2231223b616b7365735f69647c733a303a22223b6c6173745f69647c693a323730303b616b7365735f706173735f69647c733a343a2275736572223b6572726f727c733a31333a224564697420426572686173696c223b),
('7f9273b024e1ca2b2a106dfdc0a6034d46fa5a5f', '192.168.1.8', 1450670687, 0x5f5f63695f6c6173745f726567656e65726174657c693a313435303637303530333b7469746c657c733a32353a2246656c69636520466c6f72697374202620536f7576656e6972223b7375627469746c657c733a31323a22446174612050726f66696c65223b757365725f69647c733a313a2231223b726f6c655f69647c733a313a2231223b757365725f6e616d657c733a353a2261646d696e223b616b7365737c733a313a2231223b616b7365735f696e736572747c733a313a2231223b616b7365735f656469747c733a313a2231223b616b7365735f64656c6574657c733a313a2231223b616b7365735f69647c733a303a22223b6c6173745f69647c693a323636393b),
('80fc3706c668e6a35c3870afa4245fedb2861cc9', '180.246.172.154', 1535086870, 0x35516b655631536c47754f4b39346a37423457725a5a486b727052656c5f4149584a7275735161414f315a36345238795042304267336d6c5871697a61384677435171397230466e7a796b70493477424d546d554b412e2e),
('86b437478552bcd67b916cab0d631e1bcdcfbec4', '192.168.1.3', 1475740207, 0x5f5f63695f6c6173745f726567656e65726174657c693a313437353734303137373b7469746c657c733a32353a2246656c69636520466c6f72697374202620536f7576656e6972223b7375627469746c657c733a303a22223b),
('8865d5db8a81f5473acb8e43949b2f5c2302556b', '192.168.1.8', 1458117895, 0x5f5f63695f6c6173745f726567656e65726174657c693a313435383131373635323b),
('887e9f0437ad97cd1d16eaf479c431bba9af34c3', '192.168.1.8', 1458114848, 0x5f5f63695f6c6173745f726567656e65726174657c693a313435383131343635343b),
('8aedfe195bc3b0a750c6d13c16b86d916e21b090', '66.102.6.124', 1534147689, 0x596f6c7554574567544d3563386f65756173445f32735538786f4b32427135596c6a2d4b39625647343167754a353771597235544372533830506859353377565465647456377142796650347a39787a6679553855772e2e),
('8bdeef3c2306e8027ea52232573983f90fa9eb0e', '192.168.1.8', 1450672709, 0x5f5f63695f6c6173745f726567656e65726174657c693a313435303637323435383b7469746c657c733a32353a2246656c69636520466c6f72697374202620536f7576656e6972223b7375627469746c657c733a393a224461746120526f6c65223b757365725f69647c733a313a2231223b726f6c655f69647c733a313a2231223b757365725f6e616d657c733a353a2261646d696e223b616b7365737c733a313a2231223b616b7365735f696e736572747c733a313a2231223b616b7365735f656469747c733a313a2231223b616b7365735f64656c6574657c733a313a2231223b616b7365735f69647c733a303a22223b6c6173745f69647c693a323732363b),
('8c8c490ee6d1607b65122e76849625382f00fd68', '36.81.9.5', 1537339053, 0x6a6536744c656b74647452656a496143354262476a4a474354624e52624773335536447851757935355564667949625f4776485a346e506e644a4863397533634571652d435a4e573754357a6c6d64775a386e3343512e2e),
('8ca53d98e36c9ae96e09ddd12b17a37bbda436eb', '::1', 1450665084, 0x5f5f63695f6c6173745f726567656e65726174657c693a313435303636343935343b7469746c657c733a32353a2246656c69636520466c6f72697374202620536f7576656e6972223b7375627469746c657c733a31313a22446174612050726f64756b223b757365725f69647c733a313a2231223b726f6c655f69647c733a313a2231223b757365725f6e616d657c733a353a2261646d696e223b616b7365737c733a313a2231223b616b7365735f696e736572747c733a313a2231223b616b7365735f656469747c733a313a2231223b616b7365735f64656c6574657c733a313a2231223b616b7365735f69647c733a303a22223b6c6173745f69647c693a323636353b),
('8d46adcc7ebd5f353b7f9fb24e3d4edfa7f887d4', '36.81.58.253', 1537328038, 0x4c6242705376654343783331457952567877414672634541454f4e2d57696471394942584c6739387639456e456b4b6e4e68776f486e737151416c4a736e4d6145616f365654553641626c524d424259654855314e5245516a304977344a446b496c793736394c46497769324b42514b5434714a4b49454f5346326251505539),
('93a6e62cd24cc84bddf296b1cb55c8b22eb70638', '192.168.1.8', 1450667019, 0x5f5f63695f6c6173745f726567656e65726174657c693a313435303636363930363b7469746c657c733a32353a2246656c69636520466c6f72697374202620536f7576656e6972223b7375627469746c657c733a31323a22446174612050726f66696c65223b757365725f69647c733a313a2231223b726f6c655f69647c733a313a2231223b757365725f6e616d657c733a353a2261646d696e223b616b7365737c733a313a2231223b616b7365735f696e736572747c733a313a2231223b616b7365735f656469747c733a313a2231223b616b7365735f64656c6574657c733a313a2231223b616b7365735f69647c733a303a22223b6c6173745f69647c693a323636393b),
('93f42069bbb13101c8fa6766faa452da3c8b196d', '192.168.1.8', 1458116040, 0x5f5f63695f6c6173745f726567656e65726174657c693a313435383131353734323b),
('948a67f3e8f1f12e618d6d9dedc792aead386050', '36.73.45.113', 1537180470, 0x5832397a4273436a776f68425859694e7866534a726b38336f4a316e6e67797a495f52707454374e376435394c714548325978393550677a5f63785775794d6d4a4a516e746b4d5543746a47334364487270766d4d4d3661356751466f336e76386952596e775856754d4c4f524879345076436d79597659346148765641426c),
('97b4838b02eb9389d0b18b786eb8b0999ada2d92', '192.168.1.8', 1450692159, 0x5f5f63695f6c6173745f726567656e65726174657c693a313435303639323135383b),
('9bcf4702c4d3f441e334b5e058c5cfb04f72b418', '180.245.133.81', 1535360202, 0x63794a3375346f647a6364664972495845702d4379485848383742383050466a515a306179393242456a4f646d5430653269363636374f324435496351684b77655261667268726f79646e66344478565435634577772e2e),
('9bd9aebb63d101dd4bfe9458a7ebb395b01b8969', '192.168.1.3', 1478071375, 0x5f5f63695f6c6173745f726567656e65726174657c693a313437383037313336303b7469746c657c733a32353a2246656c69636520466c6f72697374202620536f7576656e6972223b),
('9e2950d2607f4f7b7d0f1dc241a7222fedd80ec9', '36.80.240.123', 1535101858, 0x3458335f697964494147356b466c4d683354467a2d586134765478304c414b626b4b507650445a6677574f696b5f677a5642575564527934476f4b7262616f71457836696168586f693744426e686763312d697436772e2e),
('9q79pe8d4m4cpthd2cpits7in5', '36.80.240.123', 1535092721, 0x5f5f63695f6c6173745f726567656e65726174657c693a313533353039323538303b),
('a0aa0e3a9177ec2ddbe1d43373546abf645423ee', '192.168.1.4', 1472178764, 0x5f5f63695f6c6173745f726567656e65726174657c693a313437323137383736343b7469746c657c733a32353a2246656c69636520466c6f72697374202620536f7576656e6972223b),
('a1ce9268288d48dd46cc8f171ae80f1b27ee1d04', '192.168.1.8', 1450667865, 0x5f5f63695f6c6173745f726567656e65726174657c693a313435303636373537333b7469746c657c733a32353a2246656c69636520466c6f72697374202620536f7576656e6972223b7375627469746c657c733a31323a22446174612050726f66696c65223b757365725f69647c733a313a2231223b726f6c655f69647c733a313a2231223b757365725f6e616d657c733a353a2261646d696e223b616b7365737c733a313a2231223b616b7365735f696e736572747c733a313a2231223b616b7365735f656469747c733a313a2231223b616b7365735f64656c6574657c733a313a2231223b616b7365735f69647c733a303a22223b6c6173745f69647c693a323636393b),
('a228a808b96dd999fd431efd032027103984777e', '192.168.1.12', 1450670424, 0x5f5f63695f6c6173745f726567656e65726174657c693a313435303637303230303b),
('a66f88a607d8ccf088ca38382c1173daae1f3a52', '36.81.78.54', 1534138646, 0x366466686663464f517564736b3552434a65786c416b556d70616a727578556e4767374247687061735030364e686835675977416f4c682d34626632527a67485537755637536d5430796631456761545a65396530512e2e),
('a9067e5c6a81d2142bfdc24b3b34956942f04ca4', '36.80.237.47', 1535102082, 0x4a67585274324e6f316a47345336426544485a38673552396d563444507a55394d436c63535a46683455667752394266686f51506a3258716b6d476d317778644d6f333263614e432d3938456f516178395f675842512e2e),
('a9a471d661314a66fddd33c1da3f837b00d8d625', '192.168.1.6', 1472434241, 0x5f5f63695f6c6173745f726567656e65726174657c693a313437323433343135373b7469746c657c733a32353a2246656c69636520466c6f72697374202620536f7576656e6972223b),
('aae63fb647495bf902e7bda6f191e432ca7495b3', '192.168.1.8', 1458117260, 0x5f5f63695f6c6173745f726567656e65726174657c693a313435383131373030373b),
('ac31db207f400621dad78ed2a05ca516548262b8', '36.80.240.123', 1535091864, 0x3571653349375177386d4f6144355549696253674e6559777255564e44384354413476483145414b745f5533465045664436644a5673754c50366f3033484e517733783853746d4f755430782d49756e6d34616d50672e2e),
('af2411b2d541f552a2ec3b4d3cab887f53d6f174', '192.168.1.8', 1450666777, 0x5f5f63695f6c6173745f726567656e65726174657c693a313435303636363439373b7469746c657c733a32353a2246656c69636520466c6f72697374202620536f7576656e6972223b7375627469746c657c733a31323a22446174612050726f66696c65223b757365725f69647c733a313a2231223b726f6c655f69647c733a313a2231223b757365725f6e616d657c733a353a2261646d696e223b616b7365737c733a313a2231223b616b7365735f696e736572747c733a313a2231223b616b7365735f656469747c733a313a2231223b616b7365735f64656c6574657c733a313a2231223b616b7365735f69647c733a303a22223b6c6173745f69647c693a323636393b),
('af68172562ec93dbbd18fe86cb3c99a643464cc3', '192.168.1.4', 1472179470, 0x5f5f63695f6c6173745f726567656e65726174657c693a313437323137393436353b7469746c657c733a32353a2246656c69636520466c6f72697374202620536f7576656e6972223b),
('b003f5172fa85d4fadbc553957f6b674e4a54356', '36.81.9.5', 1537174930, 0x752d314b554332546352536b4a6c6e503033445a414f6641517a74533573794662614c574a4f634f526a2d724444375a593974473679545772366f75735447702d635157396d797565634b68686b666c764e543049512e2e),
('b3ba83dac8cf3193751fc6dce93e5779b5c247fb', '192.168.1.8', 1450668176, 0x5f5f63695f6c6173745f726567656e65726174657c693a313435303636373930363b7469746c657c733a32353a2246656c69636520466c6f72697374202620536f7576656e6972223b7375627469746c657c733a31323a22446174612050726f66696c65223b757365725f69647c733a313a2231223b726f6c655f69647c733a313a2231223b757365725f6e616d657c733a353a2261646d696e223b616b7365737c733a313a2231223b616b7365735f696e736572747c733a313a2231223b616b7365735f656469747c733a313a2231223b616b7365735f64656c6574657c733a313a2231223b616b7365735f69647c733a303a22223b6c6173745f69647c693a323636393b),
('b4b0e02097f23b585a1165f94cd95a716b6329f2', '36.81.78.54', 1534143050, 0x6e5742354657613849516e704a676d5867423334564e41375036744d465a6d442d31665031514a746342463278765f7045724636674b695a5f47505573307055582d634b7557454f4b7a475172366a69643653644b634148464e45664e4f714c32574f4f72696a6c7842712d58426f466e546d66304c6a665a673473726a514b),
('b4ea04efbd7345053e233c472d4476df22e0b6ec', '36.81.78.54', 1534214618, 0x455564334563305f457971686e557869316c655543654a434848617062463943346176323864595066786f4d2d776f6c4257586b564f757a75667778354645664e4b4370747162645477357338563874374e4d434c412e2e),
('b50d36d55167994516fb0ca20ff5a60bfd6fcb82', '36.72.215.54', 1534145390, 0x697a7337695345415f6c6a796373686e48726a49556c41644d50444e75617a7856394472677770415a4c61513761566150314b7130396d366b2d687a6353736f7879324c63533664437a78676c6447516e3379376666384e39437250576c66356b755f4c735f554a70644345776663366472732d354548487a614d663850735f),
('b868de3f340670e9376266a93b10939b200f8363', '36.73.107.18', 1537270074, 0x4c782d6239523249554a6d4e384f714d486e454d6f73314d73495167564b6a2d3962755a633568495547682d54504f30792d32436a466c656237695a38364c504f6f35325a734f4b4279306f4e6a334674454c5139772e2e),
('bab9f128b9fee3e03bab60493df4b60dafc8a312', '36.81.78.54', 1534216656, 0x4b39432d3677514c734b366d6c55306c2d6a4e6d644a725062686e56715161634d48714c54636b77364c634f586e774854544876546633556b39305178696875564658663061556268476a6a334458675a6a305335772e2e),
('bc31c5998e969ce037b722da506030d923e2a265', '192.168.1.2', 1471937878, 0x5f5f63695f6c6173745f726567656e65726174657c693a313437313933373833393b7469746c657c733a32353a2246656c69636520466c6f72697374202620536f7576656e6972223b7375627469746c657c733a31363a22526573746f7265204461746162617365223b757365725f69647c733a313a2231223b726f6c655f69647c733a313a2231223b757365725f6e616d657c733a353a2261646d696e223b616b7365737c733a313a2231223b616b7365735f696e736572747c733a313a2231223b616b7365735f656469747c733a313a2231223b616b7365735f64656c6574657c733a313a2231223b616b7365735f69647c733a303a22223b),
('c1611533b4b8c7b5270836dd80d3bfe6171e3b42', '36.80.240.123', 1535101908, 0x587a443558594b684371485236336631456b55455642436175624678586f61764655786b485a2d337655734d486f4b5061717259346b396e424a594a2d6661745878526543593244626a5777483138435377684861772e2e),
('c33987ab04e5d94d5ace7cfe75a5fb8be531a352', '36.80.240.123', 1535093818, 0x346866713237724a524470696d49737255516c3467494b6a4b35584567436842707832306f7270396c395636367456646d636670746659676d754c364d4b5a623862475231585f4a5f48357847544f433370663758412e2e),
('c457e0f7f2f063cb6782d6aca039734087cc670a', '36.80.240.123', 1535103998, 0x336e736169357457784a735a65396c51714d46677931305a44697978496f6e436269536a47447a3076516130374655523352477163474f784871586738325f525a664a3874386e4b542d6e364c4b384179573064546f454d6663444a4e626b3171566463595a7766426b61457653692d4c444b694b3041494d3141724f566d3578506c34554838644c6f78636b7235597256433249672e2e),
('c74e7e32d964345f443057f140c50750ac3095b6', '64.233.173.56', 1535364880, 0x7a6e43374a6354712d3857573741674a5f6b2d586a56414c615f3874527845745051514870627779666e344445514f6e495a5442532d754c6c4b7a7049444b534855473442704753424c64467333626c6f675f3339672e2e),
('ccadec04903d0f75f90b997ed994dff1cda832c7', '66.102.6.124', 1534147689, 0x557433424c55755652595156794b49316f7a646737556b576f6232464f6543555f585a496f4c725f374473416c6a7a3141476333507a524834456c7158463368666a4f3031376d726b706c67676442354a544b4d54672e2e),
('d1c25fb274900040f510b008878ebe8b2f7aa667', '36.80.240.123', 1535093135, 0x5f4a7969684d624a6652614a4a366f4445594f51555443592d4e55703254587973757869734a312d6c5658514a4348694c57474951415f476e364e4f596d566375346c6c5977677a6c784266766c32394e754e516d512e2e),
('d4ef5cb48385be3f1af93bd81d8e319d13fd3e64', '192.168.1.2', 1471915833, 0x5f5f63695f6c6173745f726567656e65726174657c693a313437313931353833333b),
('d52acff9779570e486a3ff5bfd79da354a4b4516', '192.168.1.5', 1450774421, 0x5f5f63695f6c6173745f726567656e65726174657c693a313435303737343430323b7469746c657c733a32353a2246656c69636520466c6f72697374202620536f7576656e6972223b7375627469746c657c733a393a2244617368626f617264223b757365725f69647c733a313a2231223b726f6c655f69647c733a313a2231223b757365725f6e616d657c733a353a2261646d696e223b616b7365737c733a313a2230223b616b7365735f696e736572747c733a313a2230223b616b7365735f656469747c733a313a2230223b616b7365735f64656c6574657c733a313a2230223b),
('d6141b672ee04dac3904d8c10a1a133ecfe192db', '::1', 1450668378, 0x5f5f63695f6c6173745f726567656e65726174657c693a313435303636383235353b7469746c657c733a32353a2246656c69636520466c6f72697374202620536f7576656e6972223b7375627469746c657c733a31313a22446174612050726f64756b223b757365725f69647c733a313a2231223b726f6c655f69647c733a313a2231223b757365725f6e616d657c733a353a2261646d696e223b616b7365737c733a313a2231223b616b7365735f696e736572747c733a313a2231223b616b7365735f656469747c733a313a2231223b616b7365735f64656c6574657c733a313a2231223b616b7365735f69647c733a303a22223b6c6173745f69647c693a323732303b616b7365735f706173735f69647c733a343a2275736572223b),
('d86acf332901c5a95764594f7699c760e579c084', '192.168.1.8', 1450668536, 0x5f5f63695f6c6173745f726567656e65726174657c693a313435303636383234303b7469746c657c733a32353a2246656c69636520466c6f72697374202620536f7576656e6972223b7375627469746c657c733a31323a22446174612050726f66696c65223b757365725f69647c733a313a2231223b726f6c655f69647c733a313a2231223b757365725f6e616d657c733a353a2261646d696e223b616b7365737c733a313a2231223b616b7365735f696e736572747c733a313a2231223b616b7365735f656469747c733a313a2231223b616b7365735f64656c6574657c733a313a2231223b616b7365735f69647c733a303a22223b6c6173745f69647c693a323636393b),
('d9b3babbd424bed621c47272ffa581b6de415527', '123.231.241.114', 1535602202, 0x4c6d373437654c684a32385f3251704a786654592d35627473723652714c4b376c30576c4541736f4230786e47325764575a48564b64556f325a5950495931784e756c4130486137416969373562544c3030484938412e2e),
('dc03dd518a87fd272454cab0398bd76a4c72ed93', '36.80.240.123', 1535102746, 0x77357a7a504b2d393039674f753073793372736766516e574f37357766413643675463337378544f72767746386371446a3132745763494e2d3636304253787765346d59685152676553496e4145464451754b7553512e2e),
('dcd87e69adb43d2cd8ec807fc0905349abcbf540', '180.246.172.154', 1535090177, 0x4e2d316d6a3939714e432d5a434b73576e544c506549684658356334463236707055563146634b5a61446a76773555765a58336e66447463706e31674834764a6c7a5f6349707a6234495251367757735233476a68512e2e),
('dd549af492c83735aa335135bae27efadf6a4828', '192.168.1.8', 1458118260, 0x5f5f63695f6c6173745f726567656e65726174657c693a313435383131373938353b),
('dd8ae999efa5562c946ae615835d511d3ceda599', '192.168.1.2', 1471833917, 0x5f5f63695f6c6173745f726567656e65726174657c693a313437313833333838323b),
('e2f2416c429ff677982187bd3fed447c2dd4c247', '36.81.9.5', 1537175232, 0x777742464e4e554f636263564f416e7431743371795947306155556d7a4f61574830467848435a6c427a4764414554484a55386876613365304d727667585532784a3066376a5f57507a536e33326d636d5a336249512e2e),
('e3iml2fr55p7q57q3k5e9cauf3', '36.80.240.123', 1535091995, 0x51426f6476594d33635032486a6b374947654231676b4249727947303469304e4b4f634b706d55767031313871727a50646a766d4f6742704778315451757a5f38374d384c52705572524a4d426f58465732556c33412e2e),
('e4db9005e1fd7c86791dfe5e7e154c52644c7ffb', '180.254.59.230', 1537417835, 0x7a744b486b6a434966705733636b7533584c69624d596b764a6d39534f58367a68784e6d344d4d4655704c6a452d4e5166335647476445587a5f48396e74385a73715967353343497655756548576f686544495274412e2e),
('e7c4d9418395313ca8ec6becdc4470870a2aa6a5', '64.233.173.58', 1535360380, 0x464e564e64624f3939364c366a754e6954333846736876426b697a4f52345032365870734954792d556b2d79366561734874745a776f7469504d39433145556c307958575f69674e6c522d5f48544d497450755a63772e2e),
('e9d90d28e741b7fff7d226b5c5cf7b8cbdad7efb', '192.168.1.7', 1450672177, 0x5f5f63695f6c6173745f726567656e65726174657c693a313435303637323130383b7469746c657c733a32353a2246656c69636520466c6f72697374202620536f7576656e6972223b7375627469746c657c733a31313a22446174612050726f64756b223b757365725f69647c733a313a2231223b726f6c655f69647c733a313a2231223b757365725f6e616d657c733a353a2261646d696e223b616b7365737c733a313a2231223b616b7365735f696e736572747c733a313a2231223b616b7365735f656469747c733a313a2231223b616b7365735f64656c6574657c733a313a2231223b616b7365735f69647c733a303a22223b6c6173745f69647c693a323732333b),
('ea4d2af9f0efd843cc6a071a4c2416265473a08c', '::1', 1450667257, 0x5f5f63695f6c6173745f726567656e65726174657c693a313435303636363936323b7469746c657c733a32353a2246656c69636520466c6f72697374202620536f7576656e6972223b7375627469746c657c733a31313a22446174612050726f64756b223b757365725f69647c733a313a2231223b726f6c655f69647c733a313a2231223b757365725f6e616d657c733a353a2261646d696e223b616b7365737c733a313a2231223b616b7365735f696e736572747c733a313a2231223b616b7365735f656469747c733a313a2231223b616b7365735f64656c6574657c733a313a2231223b616b7365735f69647c733a303a22223b6c6173745f69647c693a323638343b616b7365735f706173735f69647c733a343a2275736572223b),
('eef4548c8b0e13811519e2f50207119b25748572', '192.168.1.8', 1450665395, 0x5f5f63695f6c6173745f726567656e65726174657c693a313435303636353332393b7469746c657c733a32353a2246656c69636520466c6f72697374202620536f7576656e6972223b7375627469746c657c733a31323a22446174612050726f66696c65223b757365725f69647c733a313a2231223b726f6c655f69647c733a313a2231223b757365725f6e616d657c733a353a2261646d696e223b616b7365737c733a313a2231223b616b7365735f696e736572747c733a313a2231223b616b7365735f656469747c733a313a2231223b616b7365735f64656c6574657c733a313a2231223b616b7365735f69647c733a303a22223b6c6173745f69647c693a323636393b),
('ef53d9de982d31dd9903b10334efff8abbae7d74', '36.80.240.123', 1535100149, 0x2d7935306b334166353551437039725048665834733355486849346e687a783265674c714d7a5a64354f4a4a46713157526270593645646272374b637a4e6b3177424b324f3231597831746f65355747664456325f412e2e),
('f03e42aace82f468e2e5860928380358bcccbc6b', '192.168.1.8', 1450673945, 0x5f5f63695f6c6173745f726567656e65726174657c693a313435303637333934353b7469746c657c733a32353a2246656c69636520466c6f72697374202620536f7576656e6972223b7375627469746c657c733a393a224461746120526f6c65223b757365725f69647c733a313a2231223b726f6c655f69647c733a313a2231223b757365725f6e616d657c733a353a2261646d696e223b616b7365737c733a313a2231223b616b7365735f696e736572747c733a313a2231223b616b7365735f656469747c733a313a2231223b616b7365735f64656c6574657c733a313a2231223b616b7365735f69647c733a303a22223b6c6173745f69647c693a323732393b),
('f07b3debd0ac60d47a8d6641b762a405ffe6119b', '192.168.1.12', 1450670677, 0x5f5f63695f6c6173745f726567656e65726174657c693a313435303637303530343b),
('f1f4758173c48d86c8104c26f834aa46adc8d707', '::1', 1450667571, 0x5f5f63695f6c6173745f726567656e65726174657c693a313435303636373237323b7469746c657c733a32353a2246656c69636520466c6f72697374202620536f7576656e6972223b7375627469746c657c733a31313a22446174612050726f64756b223b757365725f69647c733a313a2231223b726f6c655f69647c733a313a2231223b757365725f6e616d657c733a353a2261646d696e223b616b7365737c733a313a2231223b616b7365735f696e736572747c733a313a2231223b616b7365735f656469747c733a313a2231223b616b7365735f64656c6574657c733a313a2231223b616b7365735f69647c733a303a22223b6c6173745f69647c693a323639313b616b7365735f706173735f69647c733a343a2275736572223b),
('f759d7b72ab2a6c9529925ce35ec1d8bfa8ffff8', '192.168.1.4', 1472177138, 0x5f5f63695f6c6173745f726567656e65726174657c693a313437323137373133373b),
('faa720a43e444558cd666c880ad15278019a63f4', '::1', 1450668136, 0x5f5f63695f6c6173745f726567656e65726174657c693a313435303636373837343b7469746c657c733a32353a2246656c69636520466c6f72697374202620536f7576656e6972223b7375627469746c657c733a31313a22446174612050726f64756b223b757365725f69647c733a313a2231223b726f6c655f69647c733a313a2231223b757365725f6e616d657c733a353a2261646d696e223b616b7365737c733a313a2230223b616b7365735f696e736572747c733a313a2230223b616b7365735f656469747c733a313a2230223b616b7365735f64656c6574657c733a313a2230223b616b7365735f69647c733a303a22223b6c6173745f69647c693a323731323b616b7365735f706173735f69647c733a343a2275736572223b),
('fd61c617d309e4647099db096bee16e4c8dfd098', '64.233.173.29', 1537003949, 0x4a66455651624474503756534841626c6937504b735a6647716d486648323752573065753732617438655f5739796f556b30533336326c69545870477a695f435256736d61414f495f6a67396f5a36304b4e373059412e2e),
('m4kpolt2vskd60c01keqde72p4', '36.80.240.123', 1535091767, 0x675754535464476a38765a465a465a6c3336344b554d6f636c6b4754495a76484c4a675f5a664145373342586f6c5a707747526761445244476d447752583932374b2d3436474949415749614a67726e2d5f343646412e2e),
('n8md5ncvj89d2r56iaj8qcknr7', '36.80.240.123', 1535092722, 0x5f5f63695f6c6173745f726567656e65726174657c693a313533353039323639383b),
('qf8ppc2mh4d21dk6k3qq7nli00', '36.80.240.123', 1535091286, 0x674f5578476d746a5a767646667734486533795a66356e773657624b5158717231366d4e334c55564c34562d524a3164627a5a776d4f7379745677415066456d4d635a77645372747554583978525375645333666e772e2e);

-- --------------------------------------------------------

--
-- Table structure for table `data_pegawai`
--

CREATE TABLE `data_pegawai` (
  `pegawai_id` int(11) NOT NULL,
  `user_id` smallint(6) NOT NULL,
  `pegawai_kode` varchar(20) NOT NULL,
  `pegawai_nama` varchar(50) NOT NULL,
  `pegawai_alamat` varchar(50) NOT NULL,
  `pegawai_telepon` varchar(20) NOT NULL,
  `last_update` timestamp NULL DEFAULT NULL,
  `last_user_id` smallint(6) NOT NULL,
  `is_delete` tinyint(1) NOT NULL,
  `is_permanent` tinyint(1) NOT NULL
) ENGINE=InnoDB DEFAULT CHARSET=latin1;

-- --------------------------------------------------------

--
-- Table structure for table `data_produk`
--

CREATE TABLE `data_produk` (
  `produk_id` smallint(6) NOT NULL,
  `kategori_id` smallint(6) NOT NULL,
  `produk_foto` varchar(255) NOT NULL,
  `produk_nama` varchar(255) NOT NULL,
  `produk_deskripsi` varchar(255) NOT NULL,
  `produk_tgl_input` date NOT NULL,
  `produk_ket` varchar(255) NOT NULL,
  `last_update` timestamp NOT NULL DEFAULT CURRENT_TIMESTAMP ON UPDATE CURRENT_TIMESTAMP,
  `last_user_id` smallint(6) NOT NULL,
  `is_delete` tinyint(1) NOT NULL,
  `is_permanent` tinyint(1) NOT NULL
) ENGINE=InnoDB DEFAULT CHARSET=latin1;

--
-- Dumping data for table `data_produk`
--

INSERT INTO `data_produk` (`produk_id`, `kategori_id`, `produk_foto`, `produk_nama`, `produk_deskripsi`, `produk_tgl_input`, `produk_ket`, `last_update`, `last_user_id`, `is_delete`, `is_permanent`) VALUES
(16, 1, '04122015052406Acrylic_Gantungan.jpg', 'Acrylic Gantungan', 'Gantungan yang menawan diapaduk dengan tampilan cantik', '2015-12-21', '', '2015-12-20 21:26:00', 1, 0, 0),
(17, 2, '04122015052447Bantal_30x30_2.jpg', 'Bantal', ' Bantal empuk dengan bahan yang awet dan tidak cepat rusak', '2015-12-04', ' ', '2015-12-03 22:24:47', 1, 0, 0),
(18, 5, '04122015052538Handuk_50x100.jpg', 'Handuk Serbaguna', ' handuk trendi dengan bahan yang halus namun kuat sehigga tidak cepat rusak', '2015-12-04', ' ', '2015-12-03 22:25:38', 1, 0, 0),
(19, 1, '04122015054447Toples_Kombinasi_Acrylic.jpg', 'Toples Kombinasi Acrylic', ' Toples yang unik dengan hiasan yang menarik', '2015-12-04', ' ', '2015-12-03 22:44:47', 1, 0, 0),
(20, 6, '04122015054622Kipas_Spanyol_Motif.jpg', 'Kipas', ' Kipas cantik dengan tampilan menarik', '2015-12-04', ' ', '2015-12-03 22:46:22', 1, 0, 0),
(21, 1, '04122015054647Tempat_Pencil_Acrylic.jpg', 'Tempat Pencil Acrylic', ' Tempat Pencil yang di desain yang menarik sehingga tidak akan bosan untuk di taruh di meja kerja anda', '2015-12-04', ' ', '2015-12-03 22:46:47', 1, 0, 0),
(22, 1, '04122015055238Acrylic_Gantungan2.jpg', 'Puzzle Acrylic', 'Puzzle Acrylic yang sangat disukai anak-anak dengan desain yang menarik jos', '2015-12-04', '', '2015-12-03 22:52:38', 1, 0, 0),
(23, 1, '04122015055108Plakat_Acrylic.jpg', 'Plakat Acrylic', 'Plakat Acrylic yang desain yang menarik sehingga mampu menarik yang melihatnya', '2015-12-04', '', '2015-12-03 22:51:08', 1, 0, 0),
(24, 2, '04122015055601Bantal_Ukuran_30x30.jpg', 'Bantal Ukuran 30x30', 'Bantal Ukuran 30x30 yang memiliki desain menarik', '2015-12-04', '', '2015-12-03 22:56:01', 1, 0, 0),
(25, 2, '04122015055650Bantal_Thema_Frozen_Fever.jpg', 'Bantal Thema Frozen Fever', 'Bantal Thema Frozen Fever yang memiliki desain tokoh kartun', '2015-12-04', '', '2015-12-03 22:56:50', 1, 0, 0),
(26, 2, '04122015055815Bantal_Pooh.jpg', 'Bantal Pooh', 'Bantal Pooh memiliki desain tokoh kartun', '2015-12-04', '', '2015-12-03 22:58:15', 1, 0, 0),
(27, 2, '04122015055907Bantal_Minion.jpg', 'Bantal Minion', 'Bantal Minion memiliki desain tokoh kartun yang disukai anak-anak', '2015-12-04', '', '2015-12-03 22:59:07', 1, 0, 0),
(28, 2, '04122015060111Bantal_Kepala.jpg', 'Bantal Kepala', 'Bantal Kepala yang desain untuk kenyamanan kepala anda dan ukurannya yang cukup kecil sehingga bisa dibawah berpergian', '2015-12-04', '', '2015-12-03 23:01:11', 1, 0, 0),
(29, 2, '04122015060352Bantal_Bahan_Bludru_Halus.jpg', 'Bantal Bahan Bludru Halus', 'Bantal Bahan Bludru Halus sehingga nyaman di gunakan anak-anak', '2015-12-04', '', '2015-12-03 23:03:52', 1, 0, 0),
(30, 1, '04122015060645Acrylic_Gantungan.jpg', 'Acrylic Gantungan', 'Acrylic Gantungan memiliki desain menarik', '2015-12-04', '', '2015-12-03 23:06:45', 1, 0, 0),
(31, 3, '04122015071659Gantungan_kunci.jpg', 'Gantungan kunci', 'Gantungan kunci yang memiliki banyak bentuk sesuai pesenan', '2015-12-04', '', '2015-12-04 00:16:59', 1, 0, 0),
(32, 3, '04122015071748Acrylic_Gantungan2.jpg', 'Acrylic Gantungan', 'Acrylic Gantungan  yang bisa didesain sendiri sesuai keinginan', '2015-12-04', '', '2015-12-04 00:17:48', 1, 0, 0),
(33, 3, '04122015072512Acrylic_Gantungan.jpg', 'Acrylic Gantungan', 'Acrylic Gantungan memiliki desain yang beragam', '2015-12-04', '', '2015-12-04 00:25:12', 1, 0, 0),
(34, 4, '04122015072801Set_gelas.jpg', 'Set gelas', 'Set gelas yang sangat elegant desainnya', '2015-12-04', '', '2015-12-04 00:28:01', 1, 0, 0),
(35, 4, '04122015072852Gelas.jpg', 'Gelas', 'Gelas yang beragam ebntuk yang menarik', '2015-12-04', '', '2015-12-04 00:28:52', 1, 0, 0),
(36, 4, '04122015072935Gelas_Wine.jpg', 'Gelas Wine', 'Gelas Wine memiliki beragam bentuk dan ukuran', '2015-12-04', '', '2015-12-04 00:29:35', 1, 0, 0),
(37, 4, '04122015073102Gelas_Wine_Bisa_Sablon.jpg', 'Gelas Wine Bisa Sablon', 'Gelas Wine bisa disablon sesuai desain yang diinginkan', '2015-12-04', '', '2015-12-04 00:31:02', 1, 0, 0),
(38, 4, '04122015073205Gelas_tyas_ramdan.jpg', 'Gelas tyas & ramdan', 'Gelas pesanan tyas & ramdan ', '2015-12-04', '', '2015-12-04 00:32:05', 1, 0, 0),
(39, 4, '04122015073301Gelas_Tangkai.jpg', 'Gelas Tangkai', 'Gelas yang ada tangkainya', '2015-12-04', '', '2015-12-04 00:33:01', 1, 0, 0),
(40, 4, '04122015073557Gelas_Stiker2.jpg', 'Gelas Stiker', 'Gelas yang diberi stiker', '2015-12-04', '', '2015-12-04 00:35:57', 1, 0, 0),
(41, 4, '04122015073645Gelas_Stiker.jpg', 'Gelas Stiker', 'Gelas Stiker sesuai desain', '2015-12-04', '', '2015-12-04 00:36:45', 1, 0, 0),
(42, 4, '04122015073742Gelas_Sloki.jpg', 'Gelas Sloki', 'Gelas Sloki berbagai ukuran dan bentuk', '2015-12-04', '', '2015-12-04 00:37:42', 1, 0, 0),
(43, 4, '04122015073942Gelas_Sereal.jpg', 'Gelas Sereal', 'Gelas Sereal yang desainya bisa disesuaikan', '2015-12-04', '', '2015-12-04 00:39:42', 1, 0, 0),
(44, 4, '04122015074122Gelas_Sablon.jpg', 'Gelas Sablon', 'Gelas sablon memiliki desain yang beragam', '2015-12-04', '', '2015-12-04 00:41:22', 1, 0, 0),
(45, 4, '04122015074200Gelas_Sablon_BPRS.jpg', 'Gelas Sablon BPRS', 'Gelas sablon dengan desain BPRS', '2015-12-04', '', '2015-12-04 00:42:00', 1, 0, 0),
(46, 4, '04122015074234Gelas_Mini.jpg', 'Gelas Mini', 'Gelas Mini yang memiliki bentuk yang unik', '2015-12-04', '', '2015-12-04 00:42:34', 1, 0, 0),
(47, 4, '04122015074323Gelas_Midodareni_Renny.jpg', 'Gelas Midodareni Renny', 'Gelas pesanan untuk acara midodareni Renny', '2015-12-04', '', '2015-12-04 00:43:23', 1, 0, 0),
(48, 4, '04122015075822Gelas_Lilin3.jpg', 'Gelas Lilin', 'Gelas Lilin beragam ukuran dan bentuk', '2015-12-04', '', '2015-12-04 00:58:22', 1, 0, 0),
(49, 4, '04122015075911Gelas_Lilin2.jpg', 'Gelas Lilin', 'Gelas Lilin beragam desain', '2015-12-04', '', '2015-12-04 00:59:11', 1, 0, 0),
(50, 4, '04122015075948Gelas_Lilin.jpg', 'Gelas Lilin', 'Gelas Lilin beragam ukuran dan desain', '2015-12-04', '', '2015-12-04 00:59:48', 1, 0, 0),
(51, 4, '04122015080018Gelas_Ganggang_J.jpg', 'Gelas Ganggang J', 'Gelas dengan ganggang huruf J', '2015-12-04', '', '2015-12-04 01:00:18', 1, 0, 0),
(52, 4, '04122015080104Gelas_Ganggang_Animal.jpg', 'Gelas Ganggang Animal', 'Gelas dengan ganggang berbentuk animal', '2015-12-04', '', '2015-12-04 01:01:04', 1, 0, 0),
(53, 4, '04122015080315Gelas_Fros_Warna.jpg', 'Gelas Fros Warna', 'Gelas Fros Warna bisa desain sendiri', '2015-12-04', '', '2015-12-04 01:03:15', 1, 0, 0),
(54, 4, '04122015080455Gelas_Bunga.jpg', 'Gelas Bunga', 'Gelas dengan desain Bunga', '2015-12-04', '', '2015-12-04 01:04:55', 1, 0, 0),
(55, 5, '04122015081102Handuk_Border.jpg', 'Handuk Border', 'Handuk dengan dibordir', '2015-12-04', '', '2015-12-04 01:11:02', 1, 0, 0),
(56, 4, '04122015081152Tas_Bahan_Kain_Blacu_Handuk.jpg', 'Tas Bahan Kain Blacu & Handuk', 'Satu set : Tas Bahan Kain Blacu dengan Handuk', '2015-12-04', '', '2015-12-04 01:11:52', 1, 0, 0),
(57, 5, '04122015081234Handuk_Tas.jpg', 'Handuk Tas', 'Handuk yang dibentuk tas', '2015-12-04', '', '2015-12-04 01:12:34', 1, 0, 0),
(58, 5, '04122015081504Handuk_Polos.jpg', 'Handuk Polos', 'Handuk dengan desain polos', '2015-12-04', '', '2015-12-04 01:15:04', 1, 0, 0),
(59, 5, '04122015081547Handuk_Model_TAs.jpg', 'Handuk Model Tas', 'Handuk dengan model tas', '2015-12-04', '', '2015-12-04 01:15:47', 1, 0, 0),
(60, 5, '04122015081651Handuk_Lolipop2.jpg', 'Handuk Lolipop', 'Handuk dengan desain lolipop', '2015-12-04', '', '2015-12-04 01:16:51', 1, 0, 0),
(61, 5, '04122015081718Handuk_Lolipop.jpg', 'Handuk Lolipop', 'Handuk dengan desain Lolipop', '2015-12-04', '', '2015-12-04 01:17:18', 1, 0, 0),
(62, 5, '04122015081756Handuk_Ice_Cream.jpg', 'Handuk Ice Cream', 'Handuk dengan bentuk ice cream', '2015-12-04', '', '2015-12-04 01:17:56', 1, 0, 0),
(63, 5, '04122015081836Handuk_Border2.jpg', 'Handuk Border', 'Handuk dengan bordir', '2015-12-04', '', '2015-12-04 01:18:36', 1, 0, 0),
(64, 5, '04122015081957Handuk_Border_Ukuran_50x100.jpg', 'Handuk Border Ukuran 50x100', 'Handuk Ukuran 50x100 dibordir', '2015-12-04', '', '2015-12-04 01:19:57', 1, 0, 0),
(65, 5, '04122015082106Handuk_Border_(2).jpg', 'Handuk Border', 'Handuk dibordir', '2015-12-04', '', '2015-12-04 01:21:06', 1, 0, 0),
(66, 5, '04122015082153Handuk_Border_Mug.jpg', 'Handuk Border & Mug', 'Handuk diborder dengan Mug', '2015-12-04', '', '2015-12-04 01:21:53', 1, 0, 0),
(67, 5, '04122015082220Handuk_Bolu.jpg', 'Handuk Bolu', 'Handuk dengan bentuk bolu', '2015-12-04', '', '2015-12-04 01:22:20', 1, 0, 0),
(68, 5, '04122015082302Handuk_50x100.jpg', 'Handuk 50x100', 'Handuk dengan ukuran 50x100', '2015-12-04', '', '2015-12-04 01:23:02', 1, 0, 0),
(69, 6, '04122015082803Undangan_Kipas_Spanyol.jpg', 'Undangan Kipas Spanyol', 'Undangan yang di bentul  kipas spanyol', '2015-12-04', '', '2015-12-04 01:28:03', 1, 0, 0),
(70, 6, '04122015082835Kipas_Sifon.jpg', 'Kipas Sifon', 'Kipas berbahan sifon', '2015-12-04', '', '2015-12-04 01:28:35', 1, 0, 0),
(71, 7, '04122015083031Paket_Wedding.jpg', 'Paket Wedding', 'Paket untuk acara Wedding', '2015-12-04', '', '2015-12-04 01:30:31', 1, 0, 0),
(72, 7, '04122015083107Sofia_Paket.jpg', 'Sofia Paket', 'Paket untuk acara Sofia', '2015-12-04', '', '2015-12-04 01:31:07', 1, 0, 0),
(73, 7, '04122015083149Paket_Ultah.jpg', 'Paket Ultah', 'Paket untuk acara ultah', '2015-12-04', '', '2015-12-04 01:31:49', 1, 0, 0),
(74, 7, '04122015083218Paket_Siraman.jpg', 'Paket Siraman', 'Paket untuk acara siraman', '2015-12-04', '', '2015-12-04 01:32:18', 1, 0, 0),
(75, 7, '04122015083444Paket_Natal2.jpg', 'Paket Natal', 'Paket untuk acara natal', '2015-12-04', '', '2015-12-04 01:34:44', 1, 0, 0),
(76, 7, '04122015083608Paket_Natal.jpg', 'Paket Natal', 'Paket untuk acara natal', '2015-12-04', '', '2015-12-04 01:36:08', 1, 0, 0),
(77, 7, '04122015083851Paket_Lebaran.jpg', 'Paket Lebaran', 'Paket untuk acara lebaran', '2015-12-04', '', '2015-12-04 01:38:51', 1, 0, 0),
(78, 7, '04122015084034Paket_Imlek.jpg', 'Paket Imlek', 'Paket untuk acara imlek', '2015-12-04', '', '2015-12-04 01:40:34', 1, 0, 0),
(79, 7, '04122015084257Paket_Bday4.jpg', 'Paket Bday', 'Paket untuk acara B\'day', '2015-12-04', '', '2015-12-04 01:42:57', 1, 0, 0),
(80, 7, '04122015084340Paket_Bday3.jpg', 'Paket Bday', 'Paket untuk B\'day', '2015-12-04', '', '2015-12-04 01:43:40', 1, 0, 0),
(81, 7, '04122015084405Paket_Bday2.jpg', 'Paket Bday', 'Paket untuk Bday', '2015-12-04', '', '2015-12-04 01:44:05', 1, 0, 0),
(82, 7, '04122015084758Paket_Bday.jpg', 'Paket Bday', 'Paket untuk Bday', '2015-12-04', '', '2015-12-04 01:47:58', 1, 0, 0),
(83, 7, '04122015084829Paket_Baby2.jpg', 'Paket Baby', 'Paket untuk Baby2', '2015-12-04', '', '2015-12-04 01:48:29', 1, 0, 0),
(84, 7, '04122015084858Paket_Baby.jpg', 'Paket Baby', 'Paket untuk Baby', '2015-12-04', '', '2015-12-04 01:48:58', 1, 0, 0),
(85, 7, '04122015084950Paket_Baby_Born2.jpg', 'Paket Baby Born', 'Paket untuk acara  Baby Born', '2015-12-04', '', '2015-12-04 01:49:50', 1, 0, 0),
(86, 7, '04122015085016Paket_Baby_Born.jpg', 'Paket Baby Born', 'Paket untuk acara Baby Born', '2015-12-04', '', '2015-12-04 01:50:16', 1, 0, 0),
(87, 8, '04122015085226Plakat_Akrilik_Palm_Kids.jpg', 'Plakat Akrilik Palm Kids', 'Plakat dari akrilik desain Palm Kids', '2015-12-04', '', '2015-12-04 01:52:26', 1, 0, 0),
(88, 8, '04122015085258Plakat_Acrylic.jpg', 'Plakat Acrylic', 'Plakat dari bahan acrylic', '2015-12-04', '', '2015-12-04 01:52:58', 1, 0, 0),
(89, 9, '04122015085422Pouch3.jpg', 'Pouch', 'Pouch dengan beragam desain', '2015-12-04', '', '2015-12-04 01:54:22', 1, 0, 0),
(90, 9, '04122015085453Pouch2.jpg', 'Pouch', 'Pouch dengan desain beraneka', '2015-12-04', '', '2015-12-04 01:54:53', 1, 0, 0),
(91, 9, '04122015085528Pouch_Handmade.jpg', 'Pouch Handmade', 'Pouch bisa request desain', '2015-12-04', '', '2015-12-04 01:55:28', 1, 0, 0),
(92, 9, '04122015085557Pouch.jpg', 'Pouch', 'Pouch dengan beraneka desain', '2015-12-04', '', '2015-12-04 01:55:57', 1, 0, 0),
(93, 10, '04122015085827Taskoper.jpg', 'Tas koper', 'Tas dengan bentuk koper', '2015-12-04', '', '2015-12-04 01:58:27', 1, 0, 0),
(94, 10, '04122015090134Undangan_Tas.jpg', 'Undangan Tas', 'Undangan yang dibentuk tas', '2015-12-04', '', '2015-12-04 02:01:34', 1, 0, 0),
(95, 10, '04122015090424Tas.jpg', 'Tas', 'Tas beraneka bentuk', '2015-12-04', '', '2015-12-04 02:04:24', 1, 0, 0),
(96, 10, '04122015090519Tas_Untuk_Lebaran.jpg', 'Tas Untuk Lebaran', 'Tas desain Lebaran', '2015-12-04', '', '2015-12-04 02:05:19', 1, 0, 0),
(97, 10, '04122015090610Tas_Tenteng.jpg', 'Tas Tenteng', 'Tas untuk  ditenteng', '2015-12-04', '', '2015-12-04 02:06:10', 1, 0, 0),
(98, 10, '04122015090635Tas_Tenteng_Design.jpg', 'Tas Tenteng', 'Tas Tenteng dengan desain', '2015-12-04', '', '2015-12-04 02:06:35', 1, 0, 0),
(99, 10, '04122015090704Tas_Tabung.jpg', 'Tas Tabung', 'Tas bentuk Tabung', '2015-12-04', '', '2015-12-04 02:07:04', 1, 0, 0),
(100, 10, '04122015090733Tas_Ransel.jpg', 'Tas Ransel', 'Tas Ransel cocok buat anak', '2015-12-04', '', '2015-12-04 02:07:33', 1, 0, 0),
(101, 10, '04122015090842Tas_Piknik.jpg', 'Tas Piknik', 'Tas untuk piknik', '2015-12-04', '', '2015-12-04 02:08:42', 1, 0, 0),
(102, 10, '04122015091111Tas_Pianika2.jpg', 'Tas Pianika', 'Tas untuk pianika', '2015-12-04', '', '2015-12-04 02:11:11', 1, 0, 0),
(103, 10, '04122015091143Tas_Mika_Ukuran_20x25.jpg', 'Tas Mika Ukuran 20x25', 'Tas mika dengan ukuran 20x25', '2015-12-04', '', '2015-12-04 02:11:43', 1, 0, 0),
(104, 10, '04122015091232Tas_Loly.jpg', 'Tas Loly', 'Tas untuk Loly', '2015-12-04', '', '2015-12-04 02:12:32', 1, 0, 0),
(105, 10, '04122015091400Tas_Les2.jpg', 'Tas Les', 'Tas untuk les', '2015-12-04', '', '2015-12-04 02:14:00', 1, 0, 0),
(106, 10, '04122015091539Tas_Les.jpg', 'Tas Les', 'Tas untuk les', '2015-12-04', '', '2015-12-04 02:15:39', 1, 0, 0),
(107, 10, '04122015091617Tas_Laptop.jpg', 'Tas Laptop', 'Tas untuk laptop', '2015-12-04', '', '2015-12-04 02:16:17', 1, 0, 0),
(108, 10, '04122015091702Tas_Kosmetik.jpg', 'Tas Kosmetik', 'Tas untuk kosmetik', '2015-12-04', '', '2015-12-04 02:17:02', 1, 0, 0),
(109, 10, '04122015091734Tas_Koper2.jpg', 'Tas Koper', 'Tas untuk anak', '2015-12-04', '', '2015-12-04 02:17:34', 1, 0, 0),
(110, 10, '04122015091803Tas_Koper.jpg', 'Tas Koper', 'Tas untuk anak', '2015-12-04', '', '2015-12-04 02:18:03', 1, 0, 0),
(111, 10, '04122015091831Tas_Koper_Mikayla.jpg', 'Tas Koper Mikayla', 'Tas Koper pesanan Mikayla', '2015-12-04', '', '2015-12-04 02:18:31', 1, 0, 0),
(112, 10, '04122015091907Tas_Koper_Edisi_Frosen.jpg', 'Tas Koper Edisi Frosen', 'Tas Koper edisi frosen', '2015-12-04', '', '2015-12-04 02:19:07', 1, 0, 0),
(113, 10, '04122015091935Tas_Handamade_15x20.jpg', 'Tas Handamade 15x20', 'Tas dengan ukuran 15x20', '2015-12-04', '', '2015-12-04 02:19:35', 1, 0, 0),
(114, 10, '04122015091958Tas_Foil.jpg', 'Tas Foil', 'Tas bahan foil', '2015-12-04', '', '2015-12-04 02:19:58', 1, 0, 0),
(115, 10, '04122015092038Tas_Custom.jpg', 'Tas Custom', 'Tas desain bisa sendiri', '2015-12-04', '', '2015-12-04 02:20:38', 1, 0, 0),
(116, 10, '04122015092109Tas_Bulat_Bahan_Kain.jpg', 'Tas Bulat Bahan Kain', 'Tas bentuk bulat bahan kain', '2015-12-04', '', '2015-12-04 02:21:09', 1, 0, 0),
(117, 10, '04122015092146Tas_Bekal5.jpg', 'Tas Bekal', 'Tas bekal', '2015-12-04', '', '2015-12-04 02:21:46', 1, 0, 0),
(118, 10, '04122015092204Tas_Bekal4.jpg', 'Tas Bekal', 'Tas bekal', '2015-12-04', '', '2015-12-04 02:22:04', 1, 0, 0),
(119, 10, '04122015092227Tas_Bekal3.jpg', 'Tas Bekal', 'Tas bekal', '2015-12-04', '', '2015-12-04 02:22:27', 1, 0, 0),
(120, 10, '04122015092414Tas_Bekal2.jpg', 'Tas Bekal', 'Tas bekal', '2015-12-04', '', '2015-12-04 02:24:14', 1, 0, 0),
(121, 7, '04122015092432Tas_Bekal.jpg', 'Tas Bekal', 'Tas bekal', '2015-12-04', '', '2015-12-04 02:24:32', 1, 0, 0),
(122, 10, '04122015092937Tas_Bahan_Blacu.jpg', 'Tas bahan blacu', 'Tas bahan blacu', '2015-12-04', '', '2015-12-04 02:29:37', 1, 0, 0),
(123, 11, '04122015093420Tempat_Cincin_Boneka.jpg', 'Tempat Cincin Boneka', 'Tempat cincin boneka', '2015-12-04', '', '2015-12-04 02:34:20', 1, 0, 0),
(124, 11, '04122015093455Tempat_Cincin.jpg', 'Tempat Cincin', 'Tempat Cincin', '2015-12-04', '', '2015-12-04 02:34:55', 1, 0, 0),
(125, 12, '04122015093643Tempat_Gula.jpg', 'Tempat Gula', 'Tempat gula', '2015-12-04', '', '2015-12-04 02:36:43', 1, 0, 0),
(126, 13, '04122015094104Tempat_Lada_Mini.jpg', 'Tempat Lada Mini', 'Tempat Lada ukuran mini', '2015-12-04', '', '2015-12-04 02:41:04', 1, 0, 0),
(127, 13, '04122015094209Tempat_Lada.jpg', 'Tempat Lada', 'Tempat lada', '2015-12-04', '', '2015-12-04 02:42:09', 1, 0, 0),
(128, 14, '04122015094520Tempat_Lilin.jpg', 'Tempat Lilin', 'Tempat Lilin', '2015-12-04', '', '2015-12-04 02:45:20', 1, 0, 0),
(129, 10, '04122015094619Tempat_Lilin_Keramik.jpg', 'Tempat Lilin Keramik', 'Tempat Lilin untuk keramik', '2015-12-04', '', '2015-12-04 02:46:19', 1, 0, 0),
(130, 14, '04122015094701Tempat_Lilin_DesyArif.jpg', 'Tempat Lilin Desy&Arif', 'Tempat Lilin Desy&Arif', '2015-12-04', '', '2015-12-04 02:47:01', 1, 0, 0),
(131, 14, '04122015094741Gelas_Lilin3.jpg', 'Gelas Lilin', 'Gelas untuk lilin', '2015-12-04', '', '2015-12-04 02:47:41', 1, 0, 0),
(132, 14, '04122015094806Gelas_Lilin2.jpg', 'Gelas Lilin', 'Gelas lilin', '2015-12-04', '', '2015-12-04 02:48:06', 1, 0, 0),
(133, 14, '04122015094830Gelas_Lilin.jpg', 'Gelas Lilin', 'Gelas lilin', '2015-12-04', '', '2015-12-04 02:48:31', 1, 0, 0),
(134, 15, '04122015094933Tempat_Tisue2.jpg', 'Tempat Tisue', 'Tempat tisu', '2015-12-04', '', '2015-12-04 02:49:33', 1, 0, 0),
(135, 15, '04122015095000Tempat_Tisue.jpg', 'Tempat Tisue', 'Tempat tisu', '2015-12-04', '', '2015-12-04 02:50:00', 1, 0, 0),
(136, 15, '04122015095035Tempat_Tisue_Wooden.jpg', 'Tempat Tisue Wooden', 'Tempat tisu wooden', '2015-12-04', '', '2015-12-04 02:50:35', 1, 0, 0),
(137, 15, '04122015095113Tempat_Tisue_Stiker.jpg', 'Tempat Tisue Stiker', 'Tempat tisu yang dikasih stiker', '2015-12-04', '', '2015-12-04 02:51:13', 1, 0, 0),
(138, 15, '04122015095140Tempat_Tisue_Stationary.jpg', 'Tempat Tisue Stationary', 'Tempat tisu untuk stationary', '2015-12-04', '', '2015-12-04 02:51:40', 1, 0, 0),
(139, 15, '04122015095210Tempat_Tisue_Organdi.jpg', 'Tempat Tisue Organdi', 'Tempat Tisue untuk organdi', '2015-12-04', '', '2015-12-04 02:52:10', 1, 0, 0),
(140, 15, '04122015095245Tempat_Tisue_Kawat.jpg', 'Tempat Tisue Kawat', 'Tempat tisue dari kawat', '2015-12-04', '', '2015-12-04 02:52:45', 1, 0, 0),
(141, 15, '04122015095347Tempat_Tisue_Batik.jpg', 'Tempat Tisue Batik', 'Tempat tisu motif batik', '2015-12-04', '', '2015-12-04 02:53:47', 1, 0, 0),
(142, 15, '04122015095433Tempat_tisue_batik_panca.jpg', 'Tempat tisue batik panca', 'Tempat tisu motif batik', '2015-12-04', '', '2015-12-04 02:54:33', 1, 0, 0),
(143, 16, '04122015095651Tempat_Pensil3.jpg', 'Tempat Pensil', 'Tempat pensil', '2015-12-04', '', '2015-12-04 02:56:51', 1, 0, 0),
(144, 16, '04122015095732Tempat_Pensil2.jpg', 'Tempat Pensil', 'Tempat pensil', '2015-12-04', '', '2015-12-04 02:57:32', 1, 0, 0),
(145, 16, '04122015095846Tempat_Pensil2.jpg', 'Tempat Pensil', 'Tempat pensil', '2015-12-04', '', '2015-12-04 02:58:46', 1, 0, 0),
(146, 16, '04122015095924Tempat_Pensil.jpg', 'Tempat Pensil', 'Tempat pensil', '2015-12-04', '', '2015-12-04 02:59:24', 1, 0, 0),
(147, 16, '04122015100035Tempat_Pensil_dan_Map.jpg', 'Tempat Pensil dan Map', 'Tempat Pensil dan Map', '2015-12-04', '', '2015-12-04 03:00:35', 1, 0, 0),
(148, 16, '04122015100055Tempat_Pensil_Anyaman.jpg', 'Tempat Pensil Anyaman', 'Tempat Pensil Anyaman', '2015-12-04', '', '2015-12-04 03:00:55', 1, 0, 0),
(149, 16, '04122015100139Tempat_Pensil_(2).jpg', 'Tempat Pensil', 'Tempat Pensil', '2015-12-04', '', '2015-12-04 03:01:39', 1, 0, 0),
(150, 16, '04122015100201Acrylic_Tempat_Pensil.jpg', 'Acrylic Tempat Pensil', 'Acrylic Tempat Pensil', '2015-12-04', '', '2015-12-04 03:02:01', 1, 0, 0),
(151, 17, '04122015100343Teplok_Batrei.jpg', 'Teplok', 'Teplok', '2015-12-04', '', '2015-12-04 03:03:43', 1, 0, 0),
(152, 17, '04122015100405Teplok.jpg', 'Teplok', 'Teplok', '2015-12-04', '', '2015-12-04 03:04:05', 1, 0, 0),
(153, 18, '04122015100556Toples_Tile.jpg', 'Toples Tile', 'Toples Tile', '2015-12-04', '', '2015-12-04 03:05:56', 1, 0, 0),
(154, 18, '04122015100717Toples_Orderan_Kokok.jpg', 'Toples Orderan Kokok', 'Toples Orderan Kokok', '2015-12-04', '', '2015-12-04 03:07:17', 1, 0, 0),
(155, 18, '04122015100750Toples_Mika.jpg', 'Toples Mika', 'Toples Mika', '2015-12-04', '', '2015-12-04 03:07:50', 1, 0, 0),
(156, 18, '04122015100816Toples_Kombinasi_Acrylic.jpg', 'Toples Kombinasi Acrylic', 'Toples Kombinasi Acrylic', '2015-12-04', '', '2015-12-04 03:08:16', 1, 0, 0),
(157, 18, '04122015100838Toples_Hias.jpg', 'Toples Hias', 'Toples Hias', '2015-12-04', '', '2015-12-04 03:08:38', 1, 0, 0),
(158, 18, '04122015100910Toples_4in1.jpg', 'Toples 4in1', 'Toples 4in1', '2015-12-04', '', '2015-12-04 03:09:10', 1, 0, 0),
(159, 18, '04122015100937Mug_Toples.jpg', 'Mug & Toples', 'Mug & Toples', '2015-12-04', '', '2015-12-04 03:09:37', 1, 0, 0),
(160, 18, '04122015101003Mug_Toples_Hexagonal.jpg', 'Mug & Toples Hexagonal', 'Mug & Toples Hexagonal', '2015-12-04', '', '2015-12-04 03:10:03', 1, 0, 0),
(161, 19, '04122015101106tumbler.jpg', 'Tumbler', 'Tumbler beraneka desain', '2015-12-04', '', '2015-12-04 03:11:06', 1, 0, 0),
(162, 19, '04122015101156Tumbler_New.jpg', 'Tumbler New', 'Tumbler desain tokoh kartun', '2015-12-04', '', '2015-12-04 03:11:56', 1, 0, 0),
(163, 19, '04122015101219Tumbler_Mini.jpg', 'Tumbler Mini', 'Tumbler ukuran mini', '2015-12-04', '', '2015-12-04 03:12:19', 1, 0, 0),
(164, 19, '04122015101240Tumbler_Tin.jpg', 'Tumbler & Tin', 'Tumbler dan Tin', '2015-12-04', '', '2015-12-04 03:12:40', 1, 0, 0),
(165, 20, '04122015101416Undangan_Vintage_Tampak_Dalam.jpg', 'Undangan Vintage Tampak Dalam', 'Undangan tema vintage', '2015-12-04', '', '2015-12-04 03:14:16', 1, 0, 0),
(166, 20, '04122015101443Undangan_Vintage2.jpg', 'Undangan Vintage', 'Undangan tema vintage', '2015-12-04', '', '2015-12-04 03:14:43', 1, 0, 0),
(167, 20, '04122015101543Undangan_Vintage.jpg', 'Undangan Vintage', 'Undangan tema vintage', '2015-12-04', '', '2015-12-04 03:15:43', 1, 0, 0),
(168, 20, '04122015101612Undangan_Tas.jpg', 'Undangan Tas', 'Undangan bentuk as', '2015-12-04', '', '2015-12-04 03:16:12', 1, 0, 0),
(169, 20, '04122015101647Undangan_Kipas_Spanyol.jpg', 'Undangan Kipas Spanyol', 'Undangan bentuk kipas spanyol', '2015-12-04', '', '2015-12-04 03:16:47', 1, 0, 0),
(170, 20, '04122015102001Undangan_Hexagonal.jpg', 'Undangan Hexagonal', 'Undangan bengtu hexagonal', '2015-12-04', '', '2015-12-04 03:20:01', 1, 0, 0),
(171, 20, '04122015102023Undangan_Hard_Cover3.jpg', 'Undangan Hard Cover', 'Undangan Hard Cover', '2015-12-04', '', '2015-12-04 03:20:23', 1, 0, 0),
(172, 20, '04122015102038Undangan_Hard_Cover2.jpg', 'Undangan Hard Cover', 'Undangan Hard Cover', '2015-12-04', '', '2015-12-04 03:20:38', 1, 0, 0),
(173, 20, '04122015102053Undangan_Hard_Cover.jpg', 'Undangan Hard Cover', 'Undangan Hard Cover', '2015-12-04', '', '2015-12-04 03:20:53', 1, 0, 0),
(174, 21, '16122015055505papanduka.JPG', 'Papan Duka Cita', 'Papan untuk mengucapkan rasa duka cita', '2015-12-16', '', '2015-12-15 22:55:05', 1, 0, 0),
(175, 22, '1812201504134504122015052233Baby_Born.jpg', 'test', 'etst', '2015-12-18', '', '2015-12-17 21:13:45', 1, 0, 0);

-- --------------------------------------------------------

--
-- Table structure for table `data_role`
--

CREATE TABLE `data_role` (
  `role_id` smallint(6) NOT NULL,
  `role_nama` varchar(30) NOT NULL,
  `role_keterangan` varchar(50) NOT NULL,
  `last_update` timestamp NULL DEFAULT NULL,
  `last_user_id` smallint(6) NOT NULL,
  `is_delete` tinyint(1) NOT NULL,
  `is_permanent` tinyint(1) NOT NULL
) ENGINE=InnoDB DEFAULT CHARSET=latin1;

--
-- Dumping data for table `data_role`
--

INSERT INTO `data_role` (`role_id`, `role_nama`, `role_keterangan`, `last_update`, `last_user_id`, `is_delete`, `is_permanent`) VALUES
(1, 'Administrator', '', '2015-10-01 17:00:00', 1, 0, 1),
(4, 'Manager', '', '2015-12-04 03:06:22', 1, 0, 0);

-- --------------------------------------------------------

--
-- Table structure for table `data_user`
--

CREATE TABLE `data_user` (
  `user_id` smallint(6) NOT NULL,
  `role_id` smallint(6) NOT NULL,
  `user_name` varchar(10) NOT NULL,
  `user_password` varchar(100) NOT NULL,
  `last_login` timestamp NULL DEFAULT NULL,
  `last_logout` timestamp NULL DEFAULT NULL,
  `is_aktif` tinyint(1) NOT NULL,
  `last_update` timestamp NULL DEFAULT NULL,
  `last_user_id` smallint(6) NOT NULL,
  `is_delete` tinyint(1) NOT NULL,
  `is_permanent` tinyint(1) NOT NULL
) ENGINE=InnoDB DEFAULT CHARSET=latin1;

--
-- Dumping data for table `data_user`
--

INSERT INTO `data_user` (`user_id`, `role_id`, `user_name`, `user_password`, `last_login`, `last_logout`, `is_aktif`, `last_update`, `last_user_id`, `is_delete`, `is_permanent`) VALUES
(1, 1, 'admin', '21232f297a57a5a743894a0e4a801fc3', '2018-01-15 21:23:46', '2018-01-15 21:24:12', 1, '2018-01-15 21:24:12', 1, 0, 1),
(15, 4, 'Manager', '1d0258c2440a8d19e716292b231e3190', NULL, NULL, 0, '2015-12-04 03:39:11', 1, 0, 0),
(16, 1, 'tes', '28b662d883b6d76fd96e4ddc5e9ba780', NULL, NULL, 0, '2016-11-29 01:13:41', 1, 0, 0);

-- --------------------------------------------------------

--
-- Table structure for table `kategori`
--

CREATE TABLE `kategori` (
  `kategori_id` smallint(6) NOT NULL,
  `kategori_nama` varchar(255) NOT NULL,
  `kategori_ket` varchar(255) NOT NULL,
  `kategori_tgl_input` date NOT NULL,
  `last_update` timestamp NOT NULL DEFAULT CURRENT_TIMESTAMP ON UPDATE CURRENT_TIMESTAMP,
  `last_user_id` smallint(6) NOT NULL,
  `is_delete` tinyint(1) NOT NULL,
  `is_permanent` tinyint(1) NOT NULL
) ENGINE=InnoDB DEFAULT CHARSET=latin1;

--
-- Dumping data for table `kategori`
--

INSERT INTO `kategori` (`kategori_id`, `kategori_nama`, `kategori_ket`, `kategori_tgl_input`, `last_update`, `last_user_id`, `is_delete`, `is_permanent`) VALUES
(1, 'Acrylic', '', '2015-12-03', '2015-12-03 03:27:22', 1, 0, 0),
(2, 'Bantal', '', '2015-12-03', '2015-12-03 01:22:25', 0, 0, 0),
(3, 'Gantungan', '', '2015-12-03', '2015-12-03 01:26:43', 0, 0, 0),
(4, 'Gelas & Mug', '', '2015-12-03', '2015-12-03 09:28:37', 0, 0, 0),
(5, 'Handuk', '', '2015-12-03', '2015-12-03 01:26:57', 0, 0, 0),
(6, 'Kipas', '', '2015-12-03', '2015-12-03 01:27:03', 0, 0, 0),
(7, 'Paketan', '', '2015-12-03', '2015-12-03 01:27:10', 0, 0, 0),
(8, 'Plakat', '', '2015-12-03', '2015-12-03 01:27:15', 0, 0, 0),
(9, 'Pouch', '', '2015-12-03', '2015-12-03 01:27:22', 0, 0, 0),
(10, 'Tas', '', '2015-12-03', '2015-12-03 01:27:30', 0, 0, 0),
(11, 'Tempat Cincin', '', '2015-12-03', '2015-12-03 01:27:36', 0, 0, 0),
(12, 'Tempat Gula', '', '2015-12-03', '2015-12-03 01:27:43', 0, 0, 0),
(13, 'Tempat Lada', '', '2015-12-03', '2015-12-03 01:27:50', 0, 0, 0),
(14, 'Tempat Lilin', '', '2015-12-03', '2015-12-03 01:27:55', 0, 0, 0),
(15, 'Tempat Tissue', '', '2015-12-03', '2015-12-03 01:28:00', 0, 0, 0),
(16, 'Tempat Pensil', '', '2015-12-03', '2015-12-03 01:28:06', 0, 0, 0),
(17, 'Teplok', '', '2015-12-03', '2015-12-03 01:28:11', 0, 0, 0),
(18, 'Toples', '', '2015-12-03', '2015-12-03 01:28:17', 0, 0, 0),
(19, 'Tumbler', '', '2015-12-03', '2015-12-03 01:28:23', 0, 0, 0),
(20, 'Undangan', '', '2015-12-03', '2015-12-03 01:28:28', 0, 0, 0),
(21, 'Papan Bunga', '', '2015-12-16', '2015-12-15 17:00:00', 0, 0, 0),
(22, 'test', 'test ', '0000-00-00', '2015-12-18 03:09:35', 0, 0, 0);

-- --------------------------------------------------------

--
-- Table structure for table `kontak`
--

CREATE TABLE `kontak` (
  `kontak_id` smallint(6) NOT NULL,
  `kontak_nama` varchar(255) NOT NULL,
  `kontak_telepon` varchar(30) NOT NULL,
  `kontak_email` varchar(255) NOT NULL,
  `kontak_pesan` varchar(255) NOT NULL,
  `kontak_tgl_input` date NOT NULL,
  `last_update` timestamp NOT NULL DEFAULT CURRENT_TIMESTAMP ON UPDATE CURRENT_TIMESTAMP,
  `last_user_id` smallint(6) NOT NULL,
  `is_delete` tinyint(1) NOT NULL,
  `is_permanent` tinyint(1) NOT NULL
) ENGINE=InnoDB DEFAULT CHARSET=latin1;

--
-- Dumping data for table `kontak`
--

INSERT INTO `kontak` (`kontak_id`, `kontak_nama`, `kontak_telepon`, `kontak_email`, `kontak_pesan`, `kontak_tgl_input`, `last_update`, `last_user_id`, `is_delete`, `is_permanent`) VALUES
(1, 'dionysius', '098987589', 'damaragatedionysius@gmail.com', 'test', '2015-12-04', '2015-12-04 02:00:09', 0, 0, 0);

-- --------------------------------------------------------

--
-- Table structure for table `log`
--

CREATE TABLE `log` (
  `log_id` bigint(20) NOT NULL,
  `log_action` varchar(20) NOT NULL,
  `log_menu` varchar(50) NOT NULL,
  `log_tanggal` timestamp NOT NULL DEFAULT CURRENT_TIMESTAMP ON UPDATE CURRENT_TIMESTAMP,
  `log_keterangan` text NOT NULL,
  `last_update` timestamp NULL DEFAULT NULL,
  `last_user_id` smallint(6) NOT NULL,
  `is_delete` tinyint(4) NOT NULL
) ENGINE=InnoDB DEFAULT CHARSET=latin1;

--
-- Dumping data for table `log`
--

INSERT INTO `log` (`log_id`, `log_action`, `log_menu`, `log_tanggal`, `log_keterangan`, `last_update`, `last_user_id`, `is_delete`) VALUES
(2104, 'Lihat', 'Data Role', '2015-12-03 20:39:18', 'User admin Lihat data menu Data Role', '2015-12-03 20:39:18', 1, 0),
(2105, 'Lihat', 'Data Role', '2015-12-03 20:39:48', 'User admin Lihat data menu Data Role', '2015-12-03 20:39:48', 1, 0),
(2106, 'Lihat', 'Data Role', '2015-12-03 20:39:57', 'User admin Lihat data menu Data Role', '2015-12-03 20:39:57', 1, 0),
(2107, 'Lihat', 'Data User', '2015-12-03 20:40:03', 'User admin Lihat data menu Data User', '2015-12-03 20:40:03', 1, 0),
(2108, 'Lihat', 'Data Pesan', '2015-12-03 20:40:31', 'User admin Lihat data menu Data Pesan', '2015-12-03 20:40:31', 1, 0),
(2109, 'Lihat', 'Data User', '2015-12-03 20:40:34', 'User admin Lihat data menu Data User', '2015-12-03 20:40:34', 1, 0),
(2110, 'Lihat', 'Data Produk', '2015-12-03 20:40:44', 'User admin Lihat data menu Data Produk', '2015-12-03 20:40:44', 1, 0),
(2111, 'Lihat', 'Data User', '2015-12-03 20:40:48', 'User admin Lihat data menu Data User', '2015-12-03 20:40:48', 1, 0),
(2112, 'Lihat', 'Data Produk', '2015-12-03 20:40:52', 'User admin Lihat data menu Data Produk', '2015-12-03 20:40:52', 1, 0),
(2113, 'Lihat', 'Data Kategori', '2015-12-03 20:41:13', 'User admin Lihat data menu Data Kategori', '2015-12-03 20:41:13', 1, 0),
(2114, 'Lihat', 'Data Pesan', '2015-12-03 20:41:46', 'User admin Lihat data menu Data Pesan', '2015-12-03 20:41:46', 1, 0),
(2115, 'Lihat', 'Data Kategori', '2015-12-03 20:42:08', 'User admin Lihat data menu Data Kategori', '2015-12-03 20:42:08', 1, 0),
(2116, 'Lihat', 'Data Produk', '2015-12-03 20:42:15', 'User admin Lihat data menu Data Produk', '2015-12-03 20:42:15', 1, 0),
(2117, 'Lihat', 'Data Produk', '2015-12-03 20:42:44', 'User admin Lihat data menu Data Produk', '2015-12-03 20:42:44', 1, 0),
(2118, 'Lihat', 'Data Link Social', '2015-12-03 20:42:53', 'User admin Lihat data menu Data Link Social', '2015-12-03 20:42:53', 1, 0),
(2119, 'Lihat', 'Data Link Social', '2015-12-03 20:45:32', 'User admin Lihat data menu Data Link Social', '2015-12-03 20:45:32', 1, 0),
(2120, 'Lihat', 'Data Link Social', '2015-12-03 20:47:53', 'User admin Lihat data menu Data Link Social', '2015-12-03 20:47:53', 1, 0),
(2121, 'Lihat', 'Data Role', '2015-12-03 20:49:36', 'User admin Lihat data menu Data Role', '2015-12-03 20:49:36', 1, 0),
(2122, 'Lihat', 'Data Produk', '2015-12-03 20:49:51', 'User admin Lihat data menu Data Produk', '2015-12-03 20:49:51', 1, 0),
(2123, 'Lihat', 'Data Produk', '2015-12-03 20:50:08', 'User admin Lihat data menu Data Produk', '2015-12-03 20:50:08', 1, 0),
(2124, 'Lihat', 'Data Role', '2015-12-03 20:50:20', 'User admin Lihat data menu Data Role', '2015-12-03 20:50:20', 1, 0),
(2125, 'Lihat', 'Data Role', '2015-12-03 20:51:06', 'User admin Lihat data menu Data Role', '2015-12-03 20:51:06', 1, 0),
(2126, 'Lihat', 'Data Role', '2015-12-03 20:51:36', 'User admin Lihat data menu Data Role', '2015-12-03 20:51:36', 1, 0),
(2127, 'Lihat', 'Data Role', '2015-12-03 20:51:57', 'User admin Lihat data menu Data Role', '2015-12-03 20:51:57', 1, 0),
(2128, 'Lihat', 'Data Role', '2015-12-03 20:52:52', 'User admin Lihat data menu Data Role', '2015-12-03 20:52:52', 1, 0),
(2129, 'Lihat', 'Data Link Social', '2015-12-03 21:00:39', 'User admin Lihat data menu Data Link Social', '2015-12-03 21:00:39', 1, 0),
(2130, 'Lihat', 'Data User', '2015-12-03 21:00:47', 'User admin Lihat data menu Data User', '2015-12-03 21:00:47', 1, 0),
(2131, 'Lihat', 'Data Role', '2015-12-03 21:01:04', 'User admin Lihat data menu Data Role', '2015-12-03 21:01:04', 1, 0),
(2132, 'Lihat', 'Data Kategori', '2015-12-03 21:02:50', 'User admin Lihat data menu Data Kategori', '2015-12-03 21:02:50', 1, 0),
(2133, 'Lihat', 'Data Produk', '2015-12-03 21:03:04', 'User admin Lihat data menu Data Produk', '2015-12-03 21:03:04', 1, 0),
(2134, 'Lihat', 'Data Link Social', '2015-12-03 21:04:12', 'User admin Lihat data menu Data Link Social', '2015-12-03 21:04:12', 1, 0),
(2135, 'Lihat', 'Data Pesan', '2015-12-03 21:06:41', 'User admin Lihat data menu Data Pesan', '2015-12-03 21:06:41', 1, 0),
(2136, 'Lihat', 'Data Produk', '2015-12-03 21:12:13', 'User admin Lihat data menu Data Produk', '2015-12-03 21:12:13', 1, 0),
(2137, 'Lihat', 'Data Produk', '2015-12-03 21:13:33', 'User admin Lihat data menu Data Produk', '2015-12-03 21:13:33', 1, 0),
(2138, 'Lihat', 'Data Produk', '2015-12-03 21:15:27', 'User admin Lihat data menu Data Produk', '2015-12-03 21:15:27', 1, 0),
(2139, 'Lihat', 'Data Produk', '2015-12-03 21:24:10', 'User admin Lihat data menu Data Produk', '2015-12-03 21:24:10', 1, 0),
(2140, 'Tambah', 'Data Produk', '2015-12-03 21:24:17', 'User admin Tambah data menu Data Produk', '2015-12-03 21:24:17', 1, 0),
(2141, 'Tambah', 'Data Produk', '2015-12-03 21:24:27', 'User admin Tambah data menu Data Produk', '2015-12-03 21:24:27', 1, 0),
(2142, 'Lihat', 'Data Produk', '2015-12-03 21:24:28', 'User admin Lihat data menu Data Produk', '2015-12-03 21:24:28', 1, 0),
(2143, 'Lihat', 'Data Produk', '2015-12-03 21:27:00', 'User admin Lihat data menu Data Produk', '2015-12-03 21:27:00', 1, 0),
(2144, 'Lihat', 'Data Produk', '2015-12-03 21:33:58', 'User admin Lihat data menu Data Produk', '2015-12-03 21:33:58', 1, 0),
(2145, 'Lihat', 'Data Produk', '2015-12-03 21:34:19', 'User admin Lihat data menu Data Produk', '2015-12-03 21:34:19', 1, 0),
(2146, 'Lihat', 'Data Produk', '2015-12-03 21:36:01', 'User admin Lihat data menu Data Produk', '2015-12-03 21:36:01', 1, 0),
(2147, 'Lihat', 'Data Produk', '2015-12-03 21:37:06', 'User admin Lihat data menu Data Produk', '2015-12-03 21:37:06', 1, 0),
(2148, 'Lihat', 'Data Produk', '2015-12-03 21:37:53', 'User admin Lihat data menu Data Produk', '2015-12-03 21:37:53', 1, 0),
(2149, 'Lihat', 'Data Produk', '2015-12-03 21:38:11', 'User admin Lihat data menu Data Produk', '2015-12-03 21:38:11', 1, 0),
(2150, 'Lihat', 'Data Produk', '2015-12-03 21:40:39', 'User admin Lihat data menu Data Produk', '2015-12-03 21:40:39', 1, 0),
(2151, 'Lihat', 'Data Produk', '2015-12-03 21:40:53', 'User admin Lihat data menu Data Produk', '2015-12-03 21:40:53', 1, 0),
(2152, 'Lihat', 'Data Produk', '2015-12-03 21:42:10', 'User admin Lihat data menu Data Produk', '2015-12-03 21:42:10', 1, 0),
(2153, 'Lihat', 'Data Pesan', '2015-12-03 21:42:14', 'User admin Lihat data menu Data Pesan', '2015-12-03 21:42:14', 1, 0),
(2154, 'Lihat', 'Data Produk', '2015-12-03 21:42:21', 'User admin Lihat data menu Data Produk', '2015-12-03 21:42:21', 1, 0),
(2155, 'Lihat', 'Data Pesan', '2015-12-03 21:42:52', 'User admin Lihat data menu Data Pesan', '2015-12-03 21:42:52', 1, 0),
(2156, 'Lihat', 'Data User', '2015-12-03 21:43:09', 'User admin Lihat data menu Data User', '2015-12-03 21:43:09', 1, 0),
(2157, 'Lihat', 'Data Kategori', '2015-12-03 21:43:14', 'User admin Lihat data menu Data Kategori', '2015-12-03 21:43:14', 1, 0),
(2158, 'Lihat', 'Data Produk', '2015-12-03 21:44:05', 'User admin Lihat data menu Data Produk', '2015-12-03 21:44:05', 1, 0),
(2159, 'Lihat', 'Data Produk', '2015-12-03 21:44:17', 'User admin Lihat data menu Data Produk', '2015-12-03 21:44:17', 1, 0),
(2160, 'Lihat', 'Data Produk', '2015-12-03 21:45:32', 'User admin Lihat data menu Data Produk', '2015-12-03 21:45:32', 1, 0),
(2161, 'Lihat', 'Data Kategori', '2015-12-03 21:47:38', 'User admin Lihat data menu Data Kategori', '2015-12-03 21:47:38', 1, 0),
(2162, 'Lihat', 'Data Kategori', '2015-12-03 21:49:26', 'User admin Lihat data menu Data Kategori', '2015-12-03 21:49:26', 1, 0),
(2163, 'Lihat', 'Data Kategori', '2015-12-03 21:49:51', 'User admin Lihat data menu Data Kategori', '2015-12-03 21:49:51', 1, 0),
(2164, 'Lihat', 'Data Produk', '2015-12-03 21:50:23', 'User admin Lihat data menu Data Produk', '2015-12-03 21:50:23', 1, 0),
(2165, 'Lihat', 'Data Produk', '2015-12-03 21:50:31', 'User admin Lihat data menu Data Produk', '2015-12-03 21:50:31', 1, 0),
(2166, 'Lihat', 'Data Produk', '2015-12-03 21:50:53', 'User admin Lihat data menu Data Produk', '2015-12-03 21:50:53', 1, 0),
(2167, 'Lihat', 'Data Kategori', '2015-12-03 21:51:03', 'User admin Lihat data menu Data Kategori', '2015-12-03 21:51:03', 1, 0),
(2168, 'Lihat', 'Data Kategori', '2015-12-03 21:53:09', 'User admin Lihat data menu Data Kategori', '2015-12-03 21:53:09', 1, 0),
(2169, 'Lihat', 'Data Role', '2015-12-03 21:53:29', 'User admin Lihat data menu Data Role', '2015-12-03 21:53:29', 1, 0),
(2170, 'Lihat', 'Data User', '2015-12-03 21:53:34', 'User admin Lihat data menu Data User', '2015-12-03 21:53:34', 1, 0),
(2171, 'Lihat', 'Data Role', '2015-12-03 21:54:25', 'User admin Lihat data menu Data Role', '2015-12-03 21:54:25', 1, 0),
(2172, 'Lihat', 'Data Produk', '2015-12-03 21:55:18', 'User admin Lihat data menu Data Produk', '2015-12-03 21:55:18', 1, 0),
(2173, 'Lihat', 'Data User', '2015-12-03 21:55:25', 'User admin Lihat data menu Data User', '2015-12-03 21:55:25', 1, 0),
(2174, 'Lihat', 'Data Kategori', '2015-12-03 21:56:27', 'User admin Lihat data menu Data Kategori', '2015-12-03 21:56:27', 1, 0),
(2175, 'Lihat', 'Data Produk', '2015-12-03 21:57:44', 'User admin Lihat data menu Data Produk', '2015-12-03 21:57:44', 1, 0),
(2176, 'Lihat', 'Data Produk', '2015-12-03 21:57:53', 'User admin Lihat data menu Data Produk', '2015-12-03 21:57:53', 1, 0),
(2177, 'Lihat', 'Data User', '2015-12-03 21:59:28', 'User admin Lihat data menu Data User', '2015-12-03 21:59:28', 1, 0),
(2178, 'Lihat', 'Data Kategori', '2015-12-03 22:01:53', 'User admin Lihat data menu Data Kategori', '2015-12-03 22:01:53', 1, 0),
(2179, 'Lihat', 'Data Produk', '2015-12-03 22:02:00', 'User admin Lihat data menu Data Produk', '2015-12-03 22:02:00', 1, 0),
(2180, 'Lihat', 'Data Link Social', '2015-12-03 22:03:06', 'User admin Lihat data menu Data Link Social', '2015-12-03 22:03:06', 1, 0),
(2181, 'Tambah', 'Data Produk', '2015-12-03 22:03:20', 'User admin Tambah data menu Data Produk', '2015-12-03 22:03:20', 1, 0),
(2182, 'Lihat', 'Data Produk', '2015-12-03 22:03:21', 'User admin Lihat data menu Data Produk', '2015-12-03 22:03:21', 1, 0),
(2183, 'Lihat', 'Data Pesan', '2015-12-03 22:03:30', 'User admin Lihat data menu Data Pesan', '2015-12-03 22:03:30', 1, 0),
(2184, 'Tambah', 'Data Produk', '2015-12-03 22:04:00', 'User admin Tambah data menu Data Produk', '2015-12-03 22:04:00', 1, 0),
(2185, 'Lihat', 'Data Produk', '2015-12-03 22:04:01', 'User admin Lihat data menu Data Produk', '2015-12-03 22:04:01', 1, 0),
(2186, 'Lihat', 'Data Produk', '2015-12-03 22:05:51', 'User admin Lihat data menu Data Produk', '2015-12-03 22:05:51', 1, 0),
(2187, 'Hapus', 'Data Produk', '2015-12-03 22:05:56', 'User admin Hapus data menu Data Produk', '2015-12-03 22:05:56', 1, 0),
(2188, 'Lihat', 'Data Produk', '2015-12-03 22:05:57', 'User admin Lihat data menu Data Produk', '2015-12-03 22:05:57', 1, 0),
(2189, 'Hapus', 'Data Produk', '2015-12-03 22:06:01', 'User admin Hapus data menu Data Produk', '2015-12-03 22:06:01', 1, 0),
(2190, 'Lihat', 'Data Produk', '2015-12-03 22:06:02', 'User admin Lihat data menu Data Produk', '2015-12-03 22:06:02', 1, 0),
(2191, 'Hapus', 'Data Produk', '2015-12-03 22:06:06', 'User admin Hapus data menu Data Produk', '2015-12-03 22:06:06', 1, 0),
(2192, 'Lihat', 'Data Produk', '2015-12-03 22:06:08', 'User admin Lihat data menu Data Produk', '2015-12-03 22:06:08', 1, 0),
(2193, 'Tambah', 'Data Produk', '2015-12-03 22:06:37', 'User admin Tambah data menu Data Produk', '2015-12-03 22:06:37', 1, 0),
(2194, 'Lihat', 'Data Produk', '2015-12-03 22:06:38', 'User admin Lihat data menu Data Produk', '2015-12-03 22:06:38', 1, 0),
(2195, 'Lihat', 'Data Produk', '2015-12-03 22:10:34', 'User admin Lihat data menu Data Produk', '2015-12-03 22:10:34', 1, 0),
(2196, 'Tambah', 'Data Produk', '2015-12-03 22:10:44', 'User admin Tambah data menu Data Produk', '2015-12-03 22:10:44', 1, 0),
(2197, 'Lihat', 'Data Produk', '2015-12-03 22:10:45', 'User admin Lihat data menu Data Produk', '2015-12-03 22:10:45', 1, 0),
(2198, 'Lihat', 'Data Pesan', '2015-12-03 22:11:43', 'User admin Lihat data menu Data Pesan', '2015-12-03 22:11:43', 1, 0),
(2199, 'Lihat', 'Data Produk', '2015-12-03 22:13:58', 'User admin Lihat data menu Data Produk', '2015-12-03 22:13:58', 1, 0),
(2200, 'Tambah', 'Data Produk', '2015-12-03 22:14:08', 'User admin Tambah data menu Data Produk', '2015-12-03 22:14:08', 1, 0),
(2201, 'Lihat', 'Data Produk', '2015-12-03 22:14:09', 'User admin Lihat data menu Data Produk', '2015-12-03 22:14:09', 1, 0),
(2202, 'Lihat', 'Data Pesan', '2015-12-03 22:14:43', 'User admin Lihat data menu Data Pesan', '2015-12-03 22:14:43', 1, 0),
(2203, 'Lihat', 'Data Produk', '2015-12-03 22:14:48', 'User admin Lihat data menu Data Produk', '2015-12-03 22:14:48', 1, 0),
(2204, 'Tambah', 'Data Produk', '2015-12-03 22:14:56', 'User admin Tambah data menu Data Produk', '2015-12-03 22:14:56', 1, 0),
(2205, 'Lihat', 'Data Produk', '2015-12-03 22:14:57', 'User admin Lihat data menu Data Produk', '2015-12-03 22:14:57', 1, 0),
(2206, 'Lihat', 'Data Produk', '2015-12-03 22:16:16', 'User admin Lihat data menu Data Produk', '2015-12-03 22:16:16', 1, 0),
(2207, 'Tambah', 'Data Produk', '2015-12-03 22:16:26', 'User admin Tambah data menu Data Produk', '2015-12-03 22:16:26', 1, 0),
(2208, 'Lihat', 'Data Produk', '2015-12-03 22:16:27', 'User admin Lihat data menu Data Produk', '2015-12-03 22:16:27', 1, 0),
(2209, 'Lihat', 'Data Pesan', '2015-12-03 22:18:22', 'User admin Lihat data menu Data Pesan', '2015-12-03 22:18:22', 1, 0),
(2210, 'Lihat', 'Data Produk', '2015-12-03 22:20:31', 'User admin Lihat data menu Data Produk', '2015-12-03 22:20:31', 1, 0),
(2211, 'Tambah', 'Data Produk', '2015-12-03 22:20:45', 'User admin Tambah data menu Data Produk', '2015-12-03 22:20:45', 1, 0),
(2212, 'Lihat', 'Data Produk', '2015-12-03 22:20:46', 'User admin Lihat data menu Data Produk', '2015-12-03 22:20:46', 1, 0),
(2213, 'Lihat', 'Data Produk', '2015-12-03 22:22:17', 'User admin Lihat data menu Data Produk', '2015-12-03 22:22:17', 1, 0),
(2214, 'Tambah', 'Data Produk', '2015-12-03 22:22:33', 'User admin Tambah data menu Data Produk', '2015-12-03 22:22:33', 1, 0),
(2215, 'Lihat', 'Data Produk', '2015-12-03 22:22:34', 'User admin Lihat data menu Data Produk', '2015-12-03 22:22:34', 1, 0),
(2216, 'Lihat', 'Data Produk', '2015-12-03 22:23:28', 'User admin Lihat data menu Data Produk', '2015-12-03 22:23:28', 1, 0),
(2217, 'Lihat', 'Data Role', '2015-12-03 22:23:31', 'User admin Lihat data menu Data Role', '2015-12-03 22:23:31', 1, 0),
(2218, 'Lihat', 'Data User', '2015-12-03 22:23:39', 'User admin Lihat data menu Data User', '2015-12-03 22:23:39', 1, 0),
(2219, 'Lihat', 'Data Kategori', '2015-12-03 22:23:43', 'User admin Lihat data menu Data Kategori', '2015-12-03 22:23:43', 1, 0),
(2220, 'Tambah', 'Data Produk', '2015-12-03 22:24:06', 'User admin Tambah data menu Data Produk', '2015-12-03 22:24:06', 1, 0),
(2221, 'Lihat', 'Data Produk', '2015-12-03 22:24:08', 'User admin Lihat data menu Data Produk', '2015-12-03 22:24:08', 1, 0),
(2222, 'Tambah', 'Data Produk', '2015-12-03 22:24:47', 'User admin Tambah data menu Data Produk', '2015-12-03 22:24:47', 1, 0),
(2223, 'Lihat', 'Data Produk', '2015-12-03 22:24:48', 'User admin Lihat data menu Data Produk', '2015-12-03 22:24:48', 1, 0),
(2224, 'Lihat', 'Data User', '2015-12-03 22:25:31', 'User admin Lihat data menu Data User', '2015-12-03 22:25:31', 1, 0),
(2225, 'Lihat', 'Data Role', '2015-12-03 22:25:36', 'User admin Lihat data menu Data Role', '2015-12-03 22:25:36', 1, 0),
(2226, 'Tambah', 'Data Produk', '2015-12-03 22:25:38', 'User admin Tambah data menu Data Produk', '2015-12-03 22:25:38', 1, 0),
(2227, 'Lihat', 'Data Produk', '2015-12-03 22:25:39', 'User admin Lihat data menu Data Produk', '2015-12-03 22:25:39', 1, 0),
(2228, 'Lihat', 'Data Role', '2015-12-03 22:26:24', 'User admin Lihat data menu Data Role', '2015-12-03 22:26:24', 1, 0),
(2229, 'Lihat', 'Data Produk', '2015-12-03 22:26:29', 'User admin Lihat data menu Data Produk', '2015-12-03 22:26:29', 1, 0),
(2230, 'Lihat', 'Data User', '2015-12-03 22:26:31', 'User admin Lihat data menu Data User', '2015-12-03 22:26:31', 1, 0),
(2231, 'Lihat', 'Data User', '2015-12-03 22:26:49', 'User admin Lihat data menu Data User', '2015-12-03 22:26:49', 1, 0),
(2232, 'Lihat', 'Data Kategori', '2015-12-03 22:26:53', 'User admin Lihat data menu Data Kategori', '2015-12-03 22:26:53', 1, 0),
(2233, 'Lihat', 'Data Produk', '2015-12-03 22:27:29', 'User admin Lihat data menu Data Produk', '2015-12-03 22:27:29', 1, 0),
(2234, 'Lihat', 'Data Produk', '2015-12-03 22:32:49', 'User admin Lihat data menu Data Produk', '2015-12-03 22:32:49', 1, 0),
(2235, 'Lihat', 'Data Produk', '2015-12-03 22:39:15', 'User admin Lihat data menu Data Produk', '2015-12-03 22:39:15', 1, 0),
(2236, 'Lihat', 'Data Produk', '2015-12-03 22:41:11', 'User admin Lihat data menu Data Produk', '2015-12-03 22:41:11', 1, 0),
(2237, 'Lihat', 'Data Produk', '2015-12-03 22:42:15', 'User admin Lihat data menu Data Produk', '2015-12-03 22:42:15', 1, 0),
(2238, 'Lihat', 'Data Produk', '2015-12-03 22:42:40', 'User admin Lihat data menu Data Produk', '2015-12-03 22:42:40', 1, 0),
(2239, 'Lihat', 'Data Produk', '2015-12-03 22:43:31', 'User admin Lihat data menu Data Produk', '2015-12-03 22:43:31', 1, 0),
(2240, 'Lihat', 'Data Produk', '2015-12-03 22:44:17', 'User admin Lihat data menu Data Produk', '2015-12-03 22:44:17', 1, 0),
(2241, 'Tambah', 'Data Produk', '2015-12-03 22:44:47', 'User admin Tambah data menu Data Produk', '2015-12-03 22:44:47', 1, 0),
(2242, 'Lihat', 'Data Produk', '2015-12-03 22:44:48', 'User admin Lihat data menu Data Produk', '2015-12-03 22:44:48', 1, 0),
(2243, 'Lihat', 'Data Produk', '2015-12-03 22:45:26', 'User admin Lihat data menu Data Produk', '2015-12-03 22:45:26', 1, 0),
(2244, 'Tambah', 'Data Produk', '2015-12-03 22:46:22', 'User admin Tambah data menu Data Produk', '2015-12-03 22:46:22', 1, 0),
(2245, 'Lihat', 'Data Produk', '2015-12-03 22:46:23', 'User admin Lihat data menu Data Produk', '2015-12-03 22:46:23', 1, 0),
(2246, 'Tambah', 'Data Produk', '2015-12-03 22:46:47', 'User admin Tambah data menu Data Produk', '2015-12-03 22:46:47', 1, 0),
(2247, 'Lihat', 'Data Produk', '2015-12-03 22:46:48', 'User admin Lihat data menu Data Produk', '2015-12-03 22:46:48', 1, 0),
(2248, 'Lihat', 'Data Produk', '2015-12-03 22:47:34', 'User admin Lihat data menu Data Produk', '2015-12-03 22:47:34', 1, 0),
(2249, 'Lihat', 'Data Produk', '2015-12-03 22:47:42', 'User admin Lihat data menu Data Produk', '2015-12-03 22:47:42', 1, 0),
(2250, 'Lihat', 'Data Produk', '2015-12-03 22:48:22', 'User admin Lihat data menu Data Produk', '2015-12-03 22:48:22', 1, 0),
(2251, 'Lihat', 'Data Produk', '2015-12-03 22:48:34', 'User admin Lihat data menu Data Produk', '2015-12-03 22:48:34', 1, 0),
(2252, 'Lihat', 'Data Produk', '2015-12-03 22:48:48', 'User admin Lihat data menu Data Produk', '2015-12-03 22:48:48', 1, 0),
(2253, 'Lihat', 'Data Produk', '2015-12-03 22:49:16', 'User admin Lihat data menu Data Produk', '2015-12-03 22:49:16', 1, 0),
(2254, 'Lihat', 'Data Produk', '2015-12-03 22:49:45', 'User admin Lihat data menu Data Produk', '2015-12-03 22:49:45', 1, 0),
(2255, 'Tambah', 'Data Produk', '2015-12-03 22:49:46', 'User admin Tambah data menu Data Produk', '2015-12-03 22:49:46', 1, 0),
(2256, 'Lihat', 'Data Produk', '2015-12-03 22:49:47', 'User admin Lihat data menu Data Produk', '2015-12-03 22:49:47', 1, 0),
(2257, 'Tambah', 'Data Produk', '2015-12-03 22:51:08', 'User admin Tambah data menu Data Produk', '2015-12-03 22:51:08', 1, 0),
(2258, 'Lihat', 'Data Produk', '2015-12-03 22:51:09', 'User admin Lihat data menu Data Produk', '2015-12-03 22:51:09', 1, 0),
(2259, 'Lihat', 'Data Produk', '2015-12-03 22:52:06', 'User admin Lihat data menu Data Produk', '2015-12-03 22:52:06', 1, 0),
(2260, 'Ubah', 'Data Produk', '2015-12-03 22:52:38', 'User admin Ubah data menu Data Produk', '2015-12-03 22:52:38', 1, 0),
(2261, 'Lihat', 'Data Produk', '2015-12-03 22:52:39', 'User admin Lihat data menu Data Produk', '2015-12-03 22:52:39', 1, 0),
(2262, 'Tambah', 'Data Produk', '2015-12-03 22:56:01', 'User admin Tambah data menu Data Produk', '2015-12-03 22:56:01', 1, 0),
(2263, 'Lihat', 'Data Produk', '2015-12-03 22:56:03', 'User admin Lihat data menu Data Produk', '2015-12-03 22:56:03', 1, 0),
(2264, 'Tambah', 'Data Produk', '2015-12-03 22:56:50', 'User admin Tambah data menu Data Produk', '2015-12-03 22:56:50', 1, 0),
(2265, 'Lihat', 'Data Produk', '2015-12-03 22:56:51', 'User admin Lihat data menu Data Produk', '2015-12-03 22:56:51', 1, 0),
(2266, 'Tambah', 'Data Produk', '2015-12-03 22:58:15', 'User admin Tambah data menu Data Produk', '2015-12-03 22:58:15', 1, 0),
(2267, 'Lihat', 'Data Produk', '2015-12-03 22:58:16', 'User admin Lihat data menu Data Produk', '2015-12-03 22:58:16', 1, 0),
(2268, 'Tambah', 'Data Produk', '2015-12-03 22:59:07', 'User admin Tambah data menu Data Produk', '2015-12-03 22:59:07', 1, 0),
(2269, 'Lihat', 'Data Produk', '2015-12-03 22:59:08', 'User admin Lihat data menu Data Produk', '2015-12-03 22:59:08', 1, 0),
(2270, 'Lihat', 'Data Produk', '2015-12-03 23:00:36', 'User admin Lihat data menu Data Produk', '2015-12-03 23:00:36', 1, 0),
(2271, 'Tambah', 'Data Produk', '2015-12-03 23:01:11', 'User admin Tambah data menu Data Produk', '2015-12-03 23:01:11', 1, 0),
(2272, 'Lihat', 'Data Produk', '2015-12-03 23:01:12', 'User admin Lihat data menu Data Produk', '2015-12-03 23:01:12', 1, 0),
(2273, 'Tambah', 'Data Produk', '2015-12-03 23:02:33', 'User admin Tambah data menu Data Produk', '2015-12-03 23:02:33', 1, 0),
(2274, 'Lihat', 'Data Produk', '2015-12-03 23:02:34', 'User admin Lihat data menu Data Produk', '2015-12-03 23:02:34', 1, 0),
(2275, 'Ubah', 'Data Produk', '2015-12-03 23:03:52', 'User admin Ubah data menu Data Produk', '2015-12-03 23:03:52', 1, 0),
(2276, 'Lihat', 'Data Produk', '2015-12-03 23:03:53', 'User admin Lihat data menu Data Produk', '2015-12-03 23:03:53', 1, 0),
(2277, 'Tambah', 'Data Produk', '2015-12-03 23:06:45', 'User admin Tambah data menu Data Produk', '2015-12-03 23:06:45', 1, 0),
(2278, 'Lihat', 'Data Produk', '2015-12-03 23:06:46', 'User admin Lihat data menu Data Produk', '2015-12-03 23:06:46', 1, 0),
(2279, 'Lihat', 'Data Link Social', '2015-12-03 23:22:23', 'User admin Lihat data menu Data Link Social', '2015-12-03 23:22:23', 1, 0),
(2280, 'Lihat', 'Data Role', '2015-12-03 23:22:53', 'User admin Lihat data menu Data Role', '2015-12-03 23:22:53', 1, 0),
(2281, 'Lihat', 'Data User', '2015-12-03 23:22:58', 'User admin Lihat data menu Data User', '2015-12-03 23:22:58', 1, 0),
(2282, 'Tambah', 'Data User', '2015-12-03 23:23:08', 'User admin Tambah data menu Data User', '2015-12-03 23:23:08', 1, 0),
(2283, 'Lihat', 'Data User', '2015-12-03 23:23:09', 'User admin Lihat data menu Data User', '2015-12-03 23:23:09', 1, 0),
(2284, 'Tambah', 'Data Produk', '2015-12-04 00:16:59', 'User admin Tambah data menu Data Produk', '2015-12-04 00:16:59', 1, 0),
(2285, 'Lihat', 'Data Produk', '2015-12-04 00:17:00', 'User admin Lihat data menu Data Produk', '2015-12-04 00:17:00', 1, 0),
(2286, 'Tambah', 'Data Produk', '2015-12-04 00:17:48', 'User admin Tambah data menu Data Produk', '2015-12-04 00:17:48', 1, 0),
(2287, 'Lihat', 'Data Produk', '2015-12-04 00:17:49', 'User admin Lihat data menu Data Produk', '2015-12-04 00:17:49', 1, 0),
(2288, 'Tambah', 'Data Produk', '2015-12-04 00:25:12', 'User admin Tambah data menu Data Produk', '2015-12-04 00:25:12', 1, 0),
(2289, 'Lihat', 'Data Produk', '2015-12-04 00:25:13', 'User admin Lihat data menu Data Produk', '2015-12-04 00:25:13', 1, 0),
(2290, 'Tambah', 'Data Produk', '2015-12-04 00:28:01', 'User admin Tambah data menu Data Produk', '2015-12-04 00:28:01', 1, 0),
(2291, 'Lihat', 'Data Produk', '2015-12-04 00:28:03', 'User admin Lihat data menu Data Produk', '2015-12-04 00:28:03', 1, 0),
(2292, 'Tambah', 'Data Produk', '2015-12-04 00:28:52', 'User admin Tambah data menu Data Produk', '2015-12-04 00:28:52', 1, 0),
(2293, 'Lihat', 'Data Produk', '2015-12-04 00:28:54', 'User admin Lihat data menu Data Produk', '2015-12-04 00:28:54', 1, 0),
(2294, 'Tambah', 'Data Produk', '2015-12-04 00:29:35', 'User admin Tambah data menu Data Produk', '2015-12-04 00:29:35', 1, 0),
(2295, 'Lihat', 'Data Produk', '2015-12-04 00:29:37', 'User admin Lihat data menu Data Produk', '2015-12-04 00:29:37', 1, 0),
(2296, 'Tambah', 'Data Produk', '2015-12-04 00:31:02', 'User admin Tambah data menu Data Produk', '2015-12-04 00:31:02', 1, 0),
(2297, 'Lihat', 'Data Produk', '2015-12-04 00:31:03', 'User admin Lihat data menu Data Produk', '2015-12-04 00:31:03', 1, 0),
(2298, 'Tambah', 'Data Produk', '2015-12-04 00:32:05', 'User admin Tambah data menu Data Produk', '2015-12-04 00:32:05', 1, 0),
(2299, 'Lihat', 'Data Produk', '2015-12-04 00:32:06', 'User admin Lihat data menu Data Produk', '2015-12-04 00:32:06', 1, 0),
(2300, 'Lihat', 'Data Pesan', '2015-12-04 00:32:23', 'User admin Lihat data menu Data Pesan', '2015-12-04 00:32:23', 1, 0),
(2301, 'Lihat', 'Data Link Social', '2015-12-04 00:33:00', 'User admin Lihat data menu Data Link Social', '2015-12-04 00:33:00', 1, 0),
(2302, 'Tambah', 'Data Produk', '2015-12-04 00:33:01', 'User admin Tambah data menu Data Produk', '2015-12-04 00:33:01', 1, 0),
(2303, 'Lihat', 'Data Produk', '2015-12-04 00:33:02', 'User admin Lihat data menu Data Produk', '2015-12-04 00:33:02', 1, 0),
(2304, 'Lihat', 'Data Produk', '2015-12-04 00:33:33', 'User admin Lihat data menu Data Produk', '2015-12-04 00:33:33', 1, 0),
(2305, 'Lihat', 'Data Kategori', '2015-12-04 00:34:18', 'User admin Lihat data menu Data Kategori', '2015-12-04 00:34:18', 1, 0),
(2306, 'Tambah', 'Data Produk', '2015-12-04 00:35:57', 'User admin Tambah data menu Data Produk', '2015-12-04 00:35:57', 1, 0),
(2307, 'Lihat', 'Data Produk', '2015-12-04 00:35:58', 'User admin Lihat data menu Data Produk', '2015-12-04 00:35:58', 1, 0),
(2308, 'Tambah', 'Data Produk', '2015-12-04 00:36:45', 'User admin Tambah data menu Data Produk', '2015-12-04 00:36:45', 1, 0),
(2309, 'Lihat', 'Data Produk', '2015-12-04 00:36:47', 'User admin Lihat data menu Data Produk', '2015-12-04 00:36:47', 1, 0),
(2310, 'Tambah', 'Data Produk', '2015-12-04 00:37:42', 'User admin Tambah data menu Data Produk', '2015-12-04 00:37:42', 1, 0),
(2311, 'Lihat', 'Data Produk', '2015-12-04 00:37:43', 'User admin Lihat data menu Data Produk', '2015-12-04 00:37:43', 1, 0),
(2312, 'Tambah', 'Data Produk', '2015-12-04 00:39:42', 'User admin Tambah data menu Data Produk', '2015-12-04 00:39:42', 1, 0),
(2313, 'Lihat', 'Data Produk', '2015-12-04 00:39:44', 'User admin Lihat data menu Data Produk', '2015-12-04 00:39:44', 1, 0),
(2314, 'Tambah', 'Data Produk', '2015-12-04 00:41:22', 'User admin Tambah data menu Data Produk', '2015-12-04 00:41:22', 1, 0),
(2315, 'Lihat', 'Data Produk', '2015-12-04 00:41:23', 'User admin Lihat data menu Data Produk', '2015-12-04 00:41:23', 1, 0),
(2316, 'Tambah', 'Data Produk', '2015-12-04 00:42:00', 'User admin Tambah data menu Data Produk', '2015-12-04 00:42:00', 1, 0),
(2317, 'Lihat', 'Data Produk', '2015-12-04 00:42:02', 'User admin Lihat data menu Data Produk', '2015-12-04 00:42:02', 1, 0),
(2318, 'Tambah', 'Data Produk', '2015-12-04 00:42:34', 'User admin Tambah data menu Data Produk', '2015-12-04 00:42:34', 1, 0),
(2319, 'Lihat', 'Data Produk', '2015-12-04 00:42:35', 'User admin Lihat data menu Data Produk', '2015-12-04 00:42:35', 1, 0),
(2320, 'Tambah', 'Data Produk', '2015-12-04 00:43:23', 'User admin Tambah data menu Data Produk', '2015-12-04 00:43:23', 1, 0),
(2321, 'Lihat', 'Data Produk', '2015-12-04 00:43:24', 'User admin Lihat data menu Data Produk', '2015-12-04 00:43:24', 1, 0),
(2322, 'Lihat', 'Data Produk', '2015-12-04 00:49:00', 'User admin Lihat data menu Data Produk', '2015-12-04 00:49:00', 1, 0),
(2323, 'Lihat', 'Data User', '2015-12-04 00:49:29', 'User admin Lihat data menu Data User', '2015-12-04 00:49:29', 1, 0),
(2324, 'Tambah', 'Data User', '2015-12-04 00:49:39', 'User admin Tambah data menu Data User', '2015-12-04 00:49:39', 1, 0),
(2325, 'Lihat', 'Data User', '2015-12-04 00:49:41', 'User admin Lihat data menu Data User', '2015-12-04 00:49:41', 1, 0),
(2326, 'Lihat', 'Data Produk', '2015-12-04 00:56:37', 'User admin Lihat data menu Data Produk', '2015-12-04 00:56:37', 1, 0),
(2327, 'Tambah', 'Data Produk', '2015-12-04 00:58:22', 'User admin Tambah data menu Data Produk', '2015-12-04 00:58:22', 1, 0),
(2328, 'Lihat', 'Data Produk', '2015-12-04 00:58:23', 'User admin Lihat data menu Data Produk', '2015-12-04 00:58:23', 1, 0),
(2329, 'Tambah', 'Data Produk', '2015-12-04 00:59:11', 'User admin Tambah data menu Data Produk', '2015-12-04 00:59:11', 1, 0),
(2330, 'Lihat', 'Data Produk', '2015-12-04 00:59:12', 'User admin Lihat data menu Data Produk', '2015-12-04 00:59:12', 1, 0),
(2331, 'Tambah', 'Data Produk', '2015-12-04 00:59:48', 'User admin Tambah data menu Data Produk', '2015-12-04 00:59:48', 1, 0),
(2332, 'Lihat', 'Data Produk', '2015-12-04 00:59:49', 'User admin Lihat data menu Data Produk', '2015-12-04 00:59:49', 1, 0),
(2333, 'Tambah', 'Data Produk', '2015-12-04 01:00:18', 'User admin Tambah data menu Data Produk', '2015-12-04 01:00:18', 1, 0),
(2334, 'Lihat', 'Data Produk', '2015-12-04 01:00:19', 'User admin Lihat data menu Data Produk', '2015-12-04 01:00:19', 1, 0),
(2335, 'Tambah', 'Data Produk', '2015-12-04 01:01:04', 'User admin Tambah data menu Data Produk', '2015-12-04 01:01:04', 1, 0),
(2336, 'Lihat', 'Data Produk', '2015-12-04 01:01:05', 'User admin Lihat data menu Data Produk', '2015-12-04 01:01:05', 1, 0),
(2337, 'Tambah', 'Data Produk', '2015-12-04 01:03:15', 'User admin Tambah data menu Data Produk', '2015-12-04 01:03:15', 1, 0),
(2338, 'Lihat', 'Data Produk', '2015-12-04 01:03:17', 'User admin Lihat data menu Data Produk', '2015-12-04 01:03:17', 1, 0),
(2339, 'Tambah', 'Data Produk', '2015-12-04 01:04:55', 'User admin Tambah data menu Data Produk', '2015-12-04 01:04:55', 1, 0),
(2340, 'Lihat', 'Data Produk', '2015-12-04 01:04:56', 'User admin Lihat data menu Data Produk', '2015-12-04 01:04:56', 1, 0),
(2341, 'Tambah', 'Data Produk', '2015-12-04 01:11:02', 'User admin Tambah data menu Data Produk', '2015-12-04 01:11:02', 1, 0),
(2342, 'Lihat', 'Data Produk', '2015-12-04 01:11:03', 'User admin Lihat data menu Data Produk', '2015-12-04 01:11:03', 1, 0),
(2343, 'Tambah', 'Data Produk', '2015-12-04 01:11:52', 'User admin Tambah data menu Data Produk', '2015-12-04 01:11:52', 1, 0),
(2344, 'Lihat', 'Data Produk', '2015-12-04 01:11:54', 'User admin Lihat data menu Data Produk', '2015-12-04 01:11:54', 1, 0),
(2345, 'Tambah', 'Data Produk', '2015-12-04 01:12:34', 'User admin Tambah data menu Data Produk', '2015-12-04 01:12:34', 1, 0),
(2346, 'Lihat', 'Data Produk', '2015-12-04 01:12:35', 'User admin Lihat data menu Data Produk', '2015-12-04 01:12:35', 1, 0),
(2347, 'Tambah', 'Data Produk', '2015-12-04 01:15:04', 'User admin Tambah data menu Data Produk', '2015-12-04 01:15:04', 1, 0),
(2348, 'Lihat', 'Data Produk', '2015-12-04 01:15:05', 'User admin Lihat data menu Data Produk', '2015-12-04 01:15:05', 1, 0),
(2349, 'Tambah', 'Data Produk', '2015-12-04 01:15:47', 'User admin Tambah data menu Data Produk', '2015-12-04 01:15:47', 1, 0),
(2350, 'Lihat', 'Data Produk', '2015-12-04 01:15:48', 'User admin Lihat data menu Data Produk', '2015-12-04 01:15:48', 1, 0),
(2351, 'Tambah', 'Data Produk', '2015-12-04 01:16:51', 'User admin Tambah data menu Data Produk', '2015-12-04 01:16:51', 1, 0),
(2352, 'Lihat', 'Data Produk', '2015-12-04 01:16:52', 'User admin Lihat data menu Data Produk', '2015-12-04 01:16:52', 1, 0),
(2353, 'Tambah', 'Data Produk', '2015-12-04 01:17:18', 'User admin Tambah data menu Data Produk', '2015-12-04 01:17:18', 1, 0),
(2354, 'Lihat', 'Data Produk', '2015-12-04 01:17:20', 'User admin Lihat data menu Data Produk', '2015-12-04 01:17:20', 1, 0),
(2355, 'Tambah', 'Data Produk', '2015-12-04 01:17:56', 'User admin Tambah data menu Data Produk', '2015-12-04 01:17:56', 1, 0),
(2356, 'Lihat', 'Data Produk', '2015-12-04 01:17:57', 'User admin Lihat data menu Data Produk', '2015-12-04 01:17:57', 1, 0),
(2357, 'Tambah', 'Data Produk', '2015-12-04 01:18:36', 'User admin Tambah data menu Data Produk', '2015-12-04 01:18:36', 1, 0),
(2358, 'Lihat', 'Data Produk', '2015-12-04 01:18:37', 'User admin Lihat data menu Data Produk', '2015-12-04 01:18:37', 1, 0),
(2359, 'Tambah', 'Data Produk', '2015-12-04 01:19:57', 'User admin Tambah data menu Data Produk', '2015-12-04 01:19:57', 1, 0),
(2360, 'Lihat', 'Data Produk', '2015-12-04 01:19:58', 'User admin Lihat data menu Data Produk', '2015-12-04 01:19:58', 1, 0),
(2361, 'Tambah', 'Data Produk', '2015-12-04 01:21:06', 'User admin Tambah data menu Data Produk', '2015-12-04 01:21:06', 1, 0),
(2362, 'Lihat', 'Data Produk', '2015-12-04 01:21:08', 'User admin Lihat data menu Data Produk', '2015-12-04 01:21:08', 1, 0),
(2363, 'Tambah', 'Data Produk', '2015-12-04 01:21:53', 'User admin Tambah data menu Data Produk', '2015-12-04 01:21:53', 1, 0),
(2364, 'Lihat', 'Data Produk', '2015-12-04 01:21:54', 'User admin Lihat data menu Data Produk', '2015-12-04 01:21:54', 1, 0),
(2365, 'Tambah', 'Data Produk', '2015-12-04 01:22:20', 'User admin Tambah data menu Data Produk', '2015-12-04 01:22:20', 1, 0),
(2366, 'Lihat', 'Data Produk', '2015-12-04 01:22:22', 'User admin Lihat data menu Data Produk', '2015-12-04 01:22:22', 1, 0),
(2367, 'Tambah', 'Data Produk', '2015-12-04 01:23:02', 'User admin Tambah data menu Data Produk', '2015-12-04 01:23:02', 1, 0),
(2368, 'Lihat', 'Data Produk', '2015-12-04 01:23:03', 'User admin Lihat data menu Data Produk', '2015-12-04 01:23:03', 1, 0),
(2369, 'Tambah', 'Data Produk', '2015-12-04 01:28:03', 'User admin Tambah data menu Data Produk', '2015-12-04 01:28:03', 1, 0),
(2370, 'Lihat', 'Data Produk', '2015-12-04 01:28:04', 'User admin Lihat data menu Data Produk', '2015-12-04 01:28:04', 1, 0),
(2371, 'Tambah', 'Data Produk', '2015-12-04 01:28:35', 'User admin Tambah data menu Data Produk', '2015-12-04 01:28:35', 1, 0),
(2372, 'Lihat', 'Data Produk', '2015-12-04 01:28:36', 'User admin Lihat data menu Data Produk', '2015-12-04 01:28:36', 1, 0),
(2373, 'Tambah', 'Data Produk', '2015-12-04 01:30:31', 'User admin Tambah data menu Data Produk', '2015-12-04 01:30:31', 1, 0),
(2374, 'Lihat', 'Data Produk', '2015-12-04 01:30:32', 'User admin Lihat data menu Data Produk', '2015-12-04 01:30:32', 1, 0),
(2375, 'Tambah', 'Data Produk', '2015-12-04 01:31:07', 'User admin Tambah data menu Data Produk', '2015-12-04 01:31:07', 1, 0),
(2376, 'Lihat', 'Data Produk', '2015-12-04 01:31:09', 'User admin Lihat data menu Data Produk', '2015-12-04 01:31:09', 1, 0),
(2377, 'Tambah', 'Data Produk', '2015-12-04 01:31:49', 'User admin Tambah data menu Data Produk', '2015-12-04 01:31:49', 1, 0),
(2378, 'Lihat', 'Data Produk', '2015-12-04 01:31:50', 'User admin Lihat data menu Data Produk', '2015-12-04 01:31:50', 1, 0),
(2379, 'Tambah', 'Data Produk', '2015-12-04 01:32:18', 'User admin Tambah data menu Data Produk', '2015-12-04 01:32:18', 1, 0),
(2380, 'Lihat', 'Data Produk', '2015-12-04 01:32:20', 'User admin Lihat data menu Data Produk', '2015-12-04 01:32:20', 1, 0),
(2381, 'Tambah', 'Data Produk', '2015-12-04 01:34:44', 'User admin Tambah data menu Data Produk', '2015-12-04 01:34:44', 1, 0),
(2382, 'Lihat', 'Data Produk', '2015-12-04 01:34:46', 'User admin Lihat data menu Data Produk', '2015-12-04 01:34:46', 1, 0),
(2383, 'Tambah', 'Data Produk', '2015-12-04 01:36:08', 'User admin Tambah data menu Data Produk', '2015-12-04 01:36:08', 1, 0),
(2384, 'Lihat', 'Data Produk', '2015-12-04 01:36:09', 'User admin Lihat data menu Data Produk', '2015-12-04 01:36:09', 1, 0),
(2385, 'Tambah', 'Data Produk', '2015-12-04 01:38:51', 'User admin Tambah data menu Data Produk', '2015-12-04 01:38:51', 1, 0),
(2386, 'Lihat', 'Data Produk', '2015-12-04 01:38:52', 'User admin Lihat data menu Data Produk', '2015-12-04 01:38:52', 1, 0),
(2387, 'Tambah', 'Data Produk', '2015-12-04 01:40:34', 'User admin Tambah data menu Data Produk', '2015-12-04 01:40:34', 1, 0),
(2388, 'Lihat', 'Data Produk', '2015-12-04 01:40:35', 'User admin Lihat data menu Data Produk', '2015-12-04 01:40:35', 1, 0),
(2389, 'Tambah', 'Data Produk', '2015-12-04 01:42:57', 'User admin Tambah data menu Data Produk', '2015-12-04 01:42:57', 1, 0),
(2390, 'Lihat', 'Data Produk', '2015-12-04 01:42:58', 'User admin Lihat data menu Data Produk', '2015-12-04 01:42:58', 1, 0),
(2391, 'Tambah', 'Data Produk', '2015-12-04 01:43:40', 'User admin Tambah data menu Data Produk', '2015-12-04 01:43:40', 1, 0),
(2392, 'Lihat', 'Data Produk', '2015-12-04 01:43:41', 'User admin Lihat data menu Data Produk', '2015-12-04 01:43:41', 1, 0),
(2393, 'Tambah', 'Data Produk', '2015-12-04 01:44:05', 'User admin Tambah data menu Data Produk', '2015-12-04 01:44:05', 1, 0),
(2394, 'Lihat', 'Data Produk', '2015-12-04 01:44:07', 'User admin Lihat data menu Data Produk', '2015-12-04 01:44:07', 1, 0),
(2395, 'Tambah', 'Data Produk', '2015-12-04 01:47:58', 'User admin Tambah data menu Data Produk', '2015-12-04 01:47:58', 1, 0),
(2396, 'Lihat', 'Data Produk', '2015-12-04 01:47:59', 'User admin Lihat data menu Data Produk', '2015-12-04 01:47:59', 1, 0),
(2397, 'Tambah', 'Data Produk', '2015-12-04 01:48:29', 'User admin Tambah data menu Data Produk', '2015-12-04 01:48:29', 1, 0),
(2398, 'Lihat', 'Data Produk', '2015-12-04 01:48:31', 'User admin Lihat data menu Data Produk', '2015-12-04 01:48:31', 1, 0),
(2399, 'Tambah', 'Data Produk', '2015-12-04 01:48:58', 'User admin Tambah data menu Data Produk', '2015-12-04 01:48:58', 1, 0),
(2400, 'Lihat', 'Data Produk', '2015-12-04 01:48:59', 'User admin Lihat data menu Data Produk', '2015-12-04 01:48:59', 1, 0),
(2401, 'Tambah', 'Data Produk', '2015-12-04 01:49:50', 'User admin Tambah data menu Data Produk', '2015-12-04 01:49:50', 1, 0),
(2402, 'Lihat', 'Data Produk', '2015-12-04 01:49:51', 'User admin Lihat data menu Data Produk', '2015-12-04 01:49:51', 1, 0),
(2403, 'Tambah', 'Data Produk', '2015-12-04 01:50:16', 'User admin Tambah data menu Data Produk', '2015-12-04 01:50:16', 1, 0),
(2404, 'Lihat', 'Data Produk', '2015-12-04 01:50:18', 'User admin Lihat data menu Data Produk', '2015-12-04 01:50:18', 1, 0),
(2405, 'Tambah', 'Data Produk', '2015-12-04 01:52:26', 'User admin Tambah data menu Data Produk', '2015-12-04 01:52:26', 1, 0),
(2406, 'Lihat', 'Data Produk', '2015-12-04 01:52:27', 'User admin Lihat data menu Data Produk', '2015-12-04 01:52:27', 1, 0),
(2407, 'Tambah', 'Data Produk', '2015-12-04 01:52:58', 'User admin Tambah data menu Data Produk', '2015-12-04 01:52:58', 1, 0),
(2408, 'Lihat', 'Data Produk', '2015-12-04 01:52:59', 'User admin Lihat data menu Data Produk', '2015-12-04 01:52:59', 1, 0),
(2409, 'Tambah', 'Data Produk', '2015-12-04 01:54:22', 'User admin Tambah data menu Data Produk', '2015-12-04 01:54:22', 1, 0),
(2410, 'Lihat', 'Data Produk', '2015-12-04 01:54:23', 'User admin Lihat data menu Data Produk', '2015-12-04 01:54:23', 1, 0),
(2411, 'Tambah', 'Data Produk', '2015-12-04 01:54:53', 'User admin Tambah data menu Data Produk', '2015-12-04 01:54:53', 1, 0),
(2412, 'Lihat', 'Data Produk', '2015-12-04 01:54:54', 'User admin Lihat data menu Data Produk', '2015-12-04 01:54:54', 1, 0),
(2413, 'Tambah', 'Data Produk', '2015-12-04 01:55:28', 'User admin Tambah data menu Data Produk', '2015-12-04 01:55:28', 1, 0),
(2414, 'Lihat', 'Data Produk', '2015-12-04 01:55:30', 'User admin Lihat data menu Data Produk', '2015-12-04 01:55:30', 1, 0),
(2415, 'Tambah', 'Data Produk', '2015-12-04 01:55:57', 'User admin Tambah data menu Data Produk', '2015-12-04 01:55:57', 1, 0),
(2416, 'Lihat', 'Data Produk', '2015-12-04 01:55:58', 'User admin Lihat data menu Data Produk', '2015-12-04 01:55:58', 1, 0),
(2417, 'Tambah', 'Data Produk', '2015-12-04 01:58:27', 'User admin Tambah data menu Data Produk', '2015-12-04 01:58:27', 1, 0),
(2418, 'Lihat', 'Data Produk', '2015-12-04 01:58:29', 'User admin Lihat data menu Data Produk', '2015-12-04 01:58:29', 1, 0),
(2419, 'Tambah', 'Data Produk', '2015-12-04 02:01:34', 'User admin Tambah data menu Data Produk', '2015-12-04 02:01:34', 1, 0),
(2420, 'Lihat', 'Data Produk', '2015-12-04 02:01:35', 'User admin Lihat data menu Data Produk', '2015-12-04 02:01:35', 1, 0),
(2421, 'Tambah', 'Data Produk', '2015-12-04 02:04:24', 'User admin Tambah data menu Data Produk', '2015-12-04 02:04:24', 1, 0),
(2422, 'Lihat', 'Data Produk', '2015-12-04 02:04:26', 'User admin Lihat data menu Data Produk', '2015-12-04 02:04:26', 1, 0),
(2423, 'Tambah', 'Data Produk', '2015-12-04 02:05:19', 'User admin Tambah data menu Data Produk', '2015-12-04 02:05:19', 1, 0),
(2424, 'Lihat', 'Data Produk', '2015-12-04 02:05:20', 'User admin Lihat data menu Data Produk', '2015-12-04 02:05:20', 1, 0),
(2425, 'Tambah', 'Data Produk', '2015-12-04 02:06:10', 'User admin Tambah data menu Data Produk', '2015-12-04 02:06:10', 1, 0),
(2426, 'Lihat', 'Data Produk', '2015-12-04 02:06:11', 'User admin Lihat data menu Data Produk', '2015-12-04 02:06:11', 1, 0),
(2427, 'Tambah', 'Data Produk', '2015-12-04 02:06:35', 'User admin Tambah data menu Data Produk', '2015-12-04 02:06:35', 1, 0),
(2428, 'Lihat', 'Data Produk', '2015-12-04 02:06:36', 'User admin Lihat data menu Data Produk', '2015-12-04 02:06:36', 1, 0),
(2429, 'Tambah', 'Data Produk', '2015-12-04 02:07:04', 'User admin Tambah data menu Data Produk', '2015-12-04 02:07:04', 1, 0),
(2430, 'Lihat', 'Data Produk', '2015-12-04 02:07:05', 'User admin Lihat data menu Data Produk', '2015-12-04 02:07:05', 1, 0),
(2431, 'Tambah', 'Data Produk', '2015-12-04 02:07:33', 'User admin Tambah data menu Data Produk', '2015-12-04 02:07:33', 1, 0),
(2432, 'Lihat', 'Data Produk', '2015-12-04 02:07:34', 'User admin Lihat data menu Data Produk', '2015-12-04 02:07:34', 1, 0),
(2433, 'Tambah', 'Data Produk', '2015-12-04 02:08:42', 'User admin Tambah data menu Data Produk', '2015-12-04 02:08:42', 1, 0),
(2434, 'Lihat', 'Data Produk', '2015-12-04 02:08:43', 'User admin Lihat data menu Data Produk', '2015-12-04 02:08:43', 1, 0),
(2435, 'Tambah', 'Data Produk', '2015-12-04 02:11:11', 'User admin Tambah data menu Data Produk', '2015-12-04 02:11:11', 1, 0),
(2436, 'Lihat', 'Data Produk', '2015-12-04 02:11:12', 'User admin Lihat data menu Data Produk', '2015-12-04 02:11:12', 1, 0),
(2437, 'Tambah', 'Data Produk', '2015-12-04 02:11:43', 'User admin Tambah data menu Data Produk', '2015-12-04 02:11:43', 1, 0),
(2438, 'Lihat', 'Data Produk', '2015-12-04 02:11:44', 'User admin Lihat data menu Data Produk', '2015-12-04 02:11:44', 1, 0),
(2439, 'Tambah', 'Data Produk', '2015-12-04 02:12:32', 'User admin Tambah data menu Data Produk', '2015-12-04 02:12:32', 1, 0),
(2440, 'Lihat', 'Data Produk', '2015-12-04 02:12:33', 'User admin Lihat data menu Data Produk', '2015-12-04 02:12:33', 1, 0),
(2441, 'Tambah', 'Data Produk', '2015-12-04 02:14:00', 'User admin Tambah data menu Data Produk', '2015-12-04 02:14:00', 1, 0),
(2442, 'Lihat', 'Data Produk', '2015-12-04 02:14:01', 'User admin Lihat data menu Data Produk', '2015-12-04 02:14:01', 1, 0),
(2443, 'Tambah', 'Data Produk', '2015-12-04 02:15:39', 'User admin Tambah data menu Data Produk', '2015-12-04 02:15:39', 1, 0),
(2444, 'Lihat', 'Data Produk', '2015-12-04 02:15:40', 'User admin Lihat data menu Data Produk', '2015-12-04 02:15:40', 1, 0),
(2445, 'Tambah', 'Data Produk', '2015-12-04 02:16:17', 'User admin Tambah data menu Data Produk', '2015-12-04 02:16:17', 1, 0),
(2446, 'Lihat', 'Data Produk', '2015-12-04 02:16:19', 'User admin Lihat data menu Data Produk', '2015-12-04 02:16:19', 1, 0),
(2447, 'Tambah', 'Data Produk', '2015-12-04 02:17:02', 'User admin Tambah data menu Data Produk', '2015-12-04 02:17:02', 1, 0),
(2448, 'Lihat', 'Data Produk', '2015-12-04 02:17:03', 'User admin Lihat data menu Data Produk', '2015-12-04 02:17:03', 1, 0),
(2449, 'Tambah', 'Data Produk', '2015-12-04 02:17:34', 'User admin Tambah data menu Data Produk', '2015-12-04 02:17:34', 1, 0),
(2450, 'Lihat', 'Data Produk', '2015-12-04 02:17:35', 'User admin Lihat data menu Data Produk', '2015-12-04 02:17:35', 1, 0),
(2451, 'Tambah', 'Data Produk', '2015-12-04 02:18:03', 'User admin Tambah data menu Data Produk', '2015-12-04 02:18:03', 1, 0),
(2452, 'Lihat', 'Data Produk', '2015-12-04 02:18:04', 'User admin Lihat data menu Data Produk', '2015-12-04 02:18:04', 1, 0),
(2453, 'Tambah', 'Data Produk', '2015-12-04 02:18:31', 'User admin Tambah data menu Data Produk', '2015-12-04 02:18:31', 1, 0),
(2454, 'Lihat', 'Data Produk', '2015-12-04 02:18:32', 'User admin Lihat data menu Data Produk', '2015-12-04 02:18:32', 1, 0),
(2455, 'Tambah', 'Data Produk', '2015-12-04 02:19:07', 'User admin Tambah data menu Data Produk', '2015-12-04 02:19:07', 1, 0),
(2456, 'Lihat', 'Data Produk', '2015-12-04 02:19:08', 'User admin Lihat data menu Data Produk', '2015-12-04 02:19:08', 1, 0),
(2457, 'Tambah', 'Data Produk', '2015-12-04 02:19:35', 'User admin Tambah data menu Data Produk', '2015-12-04 02:19:35', 1, 0),
(2458, 'Lihat', 'Data Produk', '2015-12-04 02:19:36', 'User admin Lihat data menu Data Produk', '2015-12-04 02:19:36', 1, 0),
(2459, 'Lihat', 'Data Produk', '2015-12-04 02:19:51', 'User admin Lihat data menu Data Produk', '2015-12-04 02:19:51', 1, 0),
(2460, 'Tambah', 'Data Produk', '2015-12-04 02:19:58', 'User admin Tambah data menu Data Produk', '2015-12-04 02:19:58', 1, 0),
(2461, 'Lihat', 'Data Produk', '2015-12-04 02:19:59', 'User admin Lihat data menu Data Produk', '2015-12-04 02:19:59', 1, 0),
(2462, 'Tambah', 'Data Produk', '2015-12-04 02:20:38', 'User admin Tambah data menu Data Produk', '2015-12-04 02:20:38', 1, 0),
(2463, 'Lihat', 'Data Produk', '2015-12-04 02:20:39', 'User admin Lihat data menu Data Produk', '2015-12-04 02:20:39', 1, 0),
(2464, 'Tambah', 'Data Produk', '2015-12-04 02:21:09', 'User admin Tambah data menu Data Produk', '2015-12-04 02:21:09', 1, 0),
(2465, 'Lihat', 'Data Produk', '2015-12-04 02:21:10', 'User admin Lihat data menu Data Produk', '2015-12-04 02:21:10', 1, 0),
(2466, 'Tambah', 'Data Produk', '2015-12-04 02:21:46', 'User admin Tambah data menu Data Produk', '2015-12-04 02:21:46', 1, 0),
(2467, 'Lihat', 'Data Produk', '2015-12-04 02:21:47', 'User admin Lihat data menu Data Produk', '2015-12-04 02:21:47', 1, 0),
(2468, 'Tambah', 'Data Produk', '2015-12-04 02:22:04', 'User admin Tambah data menu Data Produk', '2015-12-04 02:22:04', 1, 0),
(2469, 'Lihat', 'Data Produk', '2015-12-04 02:22:05', 'User admin Lihat data menu Data Produk', '2015-12-04 02:22:05', 1, 0),
(2470, 'Tambah', 'Data Produk', '2015-12-04 02:22:27', 'User admin Tambah data menu Data Produk', '2015-12-04 02:22:27', 1, 0),
(2471, 'Lihat', 'Data Produk', '2015-12-04 02:22:29', 'User admin Lihat data menu Data Produk', '2015-12-04 02:22:29', 1, 0),
(2472, 'Tambah', 'Data Produk', '2015-12-04 02:24:14', 'User admin Tambah data menu Data Produk', '2015-12-04 02:24:14', 1, 0),
(2473, 'Lihat', 'Data Produk', '2015-12-04 02:24:15', 'User admin Lihat data menu Data Produk', '2015-12-04 02:24:15', 1, 0),
(2474, 'Tambah', 'Data Produk', '2015-12-04 02:24:32', 'User admin Tambah data menu Data Produk', '2015-12-04 02:24:32', 1, 0),
(2475, 'Lihat', 'Data Produk', '2015-12-04 02:24:33', 'User admin Lihat data menu Data Produk', '2015-12-04 02:24:33', 1, 0),
(2476, 'Tambah', 'Data Produk', '2015-12-04 02:29:37', 'User admin Tambah data menu Data Produk', '2015-12-04 02:29:37', 1, 0),
(2477, 'Lihat', 'Data Produk', '2015-12-04 02:29:38', 'User admin Lihat data menu Data Produk', '2015-12-04 02:29:38', 1, 0),
(2478, 'Lihat', 'Data Produk', '2015-12-04 02:30:20', 'User admin Lihat data menu Data Produk', '2015-12-04 02:30:20', 1, 0),
(2479, 'Tambah', 'Data Produk', '2015-12-04 02:34:20', 'User admin Tambah data menu Data Produk', '2015-12-04 02:34:20', 1, 0),
(2480, 'Lihat', 'Data Produk', '2015-12-04 02:34:22', 'User admin Lihat data menu Data Produk', '2015-12-04 02:34:22', 1, 0),
(2481, 'Tambah', 'Data Produk', '2015-12-04 02:34:55', 'User admin Tambah data menu Data Produk', '2015-12-04 02:34:55', 1, 0),
(2482, 'Lihat', 'Data Produk', '2015-12-04 02:34:56', 'User admin Lihat data menu Data Produk', '2015-12-04 02:34:56', 1, 0),
(2483, 'Tambah', 'Data Produk', '2015-12-04 02:36:43', 'User admin Tambah data menu Data Produk', '2015-12-04 02:36:43', 1, 0),
(2484, 'Lihat', 'Data Produk', '2015-12-04 02:36:44', 'User admin Lihat data menu Data Produk', '2015-12-04 02:36:44', 1, 0),
(2485, 'Tambah', 'Data Produk', '2015-12-04 02:41:04', 'User admin Tambah data menu Data Produk', '2015-12-04 02:41:04', 1, 0),
(2486, 'Lihat', 'Data Produk', '2015-12-04 02:41:05', 'User admin Lihat data menu Data Produk', '2015-12-04 02:41:05', 1, 0),
(2487, 'Tambah', 'Data Produk', '2015-12-04 02:42:09', 'User admin Tambah data menu Data Produk', '2015-12-04 02:42:09', 1, 0),
(2488, 'Lihat', 'Data Produk', '2015-12-04 02:42:10', 'User admin Lihat data menu Data Produk', '2015-12-04 02:42:10', 1, 0),
(2489, 'Tambah', 'Data Produk', '2015-12-04 02:45:20', 'User admin Tambah data menu Data Produk', '2015-12-04 02:45:20', 1, 0),
(2490, 'Lihat', 'Data Produk', '2015-12-04 02:45:22', 'User admin Lihat data menu Data Produk', '2015-12-04 02:45:22', 1, 0),
(2491, 'Tambah', 'Data Produk', '2015-12-04 02:46:19', 'User admin Tambah data menu Data Produk', '2015-12-04 02:46:19', 1, 0),
(2492, 'Lihat', 'Data Produk', '2015-12-04 02:46:20', 'User admin Lihat data menu Data Produk', '2015-12-04 02:46:20', 1, 0),
(2493, 'Tambah', 'Data Produk', '2015-12-04 02:47:01', 'User admin Tambah data menu Data Produk', '2015-12-04 02:47:01', 1, 0),
(2494, 'Lihat', 'Data Produk', '2015-12-04 02:47:02', 'User admin Lihat data menu Data Produk', '2015-12-04 02:47:02', 1, 0),
(2495, 'Tambah', 'Data Produk', '2015-12-04 02:47:41', 'User admin Tambah data menu Data Produk', '2015-12-04 02:47:41', 1, 0),
(2496, 'Lihat', 'Data Produk', '2015-12-04 02:47:42', 'User admin Lihat data menu Data Produk', '2015-12-04 02:47:42', 1, 0),
(2497, 'Tambah', 'Data Produk', '2015-12-04 02:48:06', 'User admin Tambah data menu Data Produk', '2015-12-04 02:48:06', 1, 0),
(2498, 'Lihat', 'Data Produk', '2015-12-04 02:48:08', 'User admin Lihat data menu Data Produk', '2015-12-04 02:48:08', 1, 0),
(2499, 'Tambah', 'Data Produk', '2015-12-04 02:48:31', 'User admin Tambah data menu Data Produk', '2015-12-04 02:48:31', 1, 0),
(2500, 'Lihat', 'Data Produk', '2015-12-04 02:48:32', 'User admin Lihat data menu Data Produk', '2015-12-04 02:48:32', 1, 0),
(2501, 'Tambah', 'Data Produk', '2015-12-04 02:49:33', 'User admin Tambah data menu Data Produk', '2015-12-04 02:49:33', 1, 0),
(2502, 'Lihat', 'Data Produk', '2015-12-04 02:49:35', 'User admin Lihat data menu Data Produk', '2015-12-04 02:49:35', 1, 0),
(2503, 'Tambah', 'Data Produk', '2015-12-04 02:50:00', 'User admin Tambah data menu Data Produk', '2015-12-04 02:50:00', 1, 0);
INSERT INTO `log` (`log_id`, `log_action`, `log_menu`, `log_tanggal`, `log_keterangan`, `last_update`, `last_user_id`, `is_delete`) VALUES
(2504, 'Lihat', 'Data Produk', '2015-12-04 02:50:01', 'User admin Lihat data menu Data Produk', '2015-12-04 02:50:01', 1, 0),
(2505, 'Tambah', 'Data Produk', '2015-12-04 02:50:35', 'User admin Tambah data menu Data Produk', '2015-12-04 02:50:35', 1, 0),
(2506, 'Lihat', 'Data Produk', '2015-12-04 02:50:36', 'User admin Lihat data menu Data Produk', '2015-12-04 02:50:36', 1, 0),
(2507, 'Tambah', 'Data Produk', '2015-12-04 02:51:13', 'User admin Tambah data menu Data Produk', '2015-12-04 02:51:13', 1, 0),
(2508, 'Lihat', 'Data Produk', '2015-12-04 02:51:14', 'User admin Lihat data menu Data Produk', '2015-12-04 02:51:14', 1, 0),
(2509, 'Tambah', 'Data Produk', '2015-12-04 02:51:40', 'User admin Tambah data menu Data Produk', '2015-12-04 02:51:40', 1, 0),
(2510, 'Lihat', 'Data Produk', '2015-12-04 02:51:41', 'User admin Lihat data menu Data Produk', '2015-12-04 02:51:41', 1, 0),
(2511, 'Lihat', 'Data Link Social', '2015-12-04 02:51:56', 'User admin Lihat data menu Data Link Social', '2015-12-04 02:51:56', 1, 0),
(2512, 'Lihat', 'Data Pesan', '2015-12-04 02:52:01', 'User admin Lihat data menu Data Pesan', '2015-12-04 02:52:01', 1, 0),
(2513, 'Tambah', 'Data Produk', '2015-12-04 02:52:10', 'User admin Tambah data menu Data Produk', '2015-12-04 02:52:10', 1, 0),
(2514, 'Lihat', 'Data Produk', '2015-12-04 02:52:11', 'User admin Lihat data menu Data Produk', '2015-12-04 02:52:11', 1, 0),
(2515, 'Lihat', 'Data Link Social', '2015-12-04 02:52:14', 'User admin Lihat data menu Data Link Social', '2015-12-04 02:52:14', 1, 0),
(2516, 'Lihat', 'Data Produk', '2015-12-04 02:52:17', 'User admin Lihat data menu Data Produk', '2015-12-04 02:52:17', 1, 0),
(2517, 'Lihat', 'Data Kategori', '2015-12-04 02:52:20', 'User admin Lihat data menu Data Kategori', '2015-12-04 02:52:20', 1, 0),
(2518, 'Lihat', 'Data User', '2015-12-04 02:52:28', 'User admin Lihat data menu Data User', '2015-12-04 02:52:28', 1, 0),
(2519, 'Lihat', 'Data Role', '2015-12-04 02:52:35', 'User admin Lihat data menu Data Role', '2015-12-04 02:52:35', 1, 0),
(2520, 'Tambah', 'Data Produk', '2015-12-04 02:52:45', 'User admin Tambah data menu Data Produk', '2015-12-04 02:52:45', 1, 0),
(2521, 'Lihat', 'Data Produk', '2015-12-04 02:52:46', 'User admin Lihat data menu Data Produk', '2015-12-04 02:52:46', 1, 0),
(2522, 'Tambah', 'Data Produk', '2015-12-04 02:53:47', 'User admin Tambah data menu Data Produk', '2015-12-04 02:53:47', 1, 0),
(2523, 'Lihat', 'Data Produk', '2015-12-04 02:53:48', 'User admin Lihat data menu Data Produk', '2015-12-04 02:53:48', 1, 0),
(2524, 'Tambah', 'Data Produk', '2015-12-04 02:54:33', 'User admin Tambah data menu Data Produk', '2015-12-04 02:54:33', 1, 0),
(2525, 'Lihat', 'Data Produk', '2015-12-04 02:54:34', 'User admin Lihat data menu Data Produk', '2015-12-04 02:54:34', 1, 0),
(2526, 'Lihat', 'Data Link Social', '2015-12-04 02:55:01', 'User admin Lihat data menu Data Link Social', '2015-12-04 02:55:01', 1, 0),
(2527, 'Tambah', 'Data Produk', '2015-12-04 02:56:51', 'User admin Tambah data menu Data Produk', '2015-12-04 02:56:51', 1, 0),
(2528, 'Lihat', 'Data Produk', '2015-12-04 02:56:52', 'User admin Lihat data menu Data Produk', '2015-12-04 02:56:52', 1, 0),
(2529, 'Tambah', 'Data Produk', '2015-12-04 02:57:32', 'User admin Tambah data menu Data Produk', '2015-12-04 02:57:32', 1, 0),
(2530, 'Lihat', 'Data Produk', '2015-12-04 02:57:33', 'User admin Lihat data menu Data Produk', '2015-12-04 02:57:33', 1, 0),
(2531, 'Tambah', 'Data Produk', '2015-12-04 02:58:46', 'User admin Tambah data menu Data Produk', '2015-12-04 02:58:46', 1, 0),
(2532, 'Lihat', 'Data Produk', '2015-12-04 02:58:47', 'User admin Lihat data menu Data Produk', '2015-12-04 02:58:47', 1, 0),
(2533, 'Tambah', 'Data Produk', '2015-12-04 02:59:24', 'User admin Tambah data menu Data Produk', '2015-12-04 02:59:24', 1, 0),
(2534, 'Lihat', 'Data Produk', '2015-12-04 02:59:25', 'User admin Lihat data menu Data Produk', '2015-12-04 02:59:25', 1, 0),
(2535, 'Tambah', 'Data Produk', '2015-12-04 03:00:35', 'User admin Tambah data menu Data Produk', '2015-12-04 03:00:35', 1, 0),
(2536, 'Lihat', 'Data Produk', '2015-12-04 03:00:37', 'User admin Lihat data menu Data Produk', '2015-12-04 03:00:37', 1, 0),
(2537, 'Tambah', 'Data Produk', '2015-12-04 03:00:55', 'User admin Tambah data menu Data Produk', '2015-12-04 03:00:55', 1, 0),
(2538, 'Lihat', 'Data Produk', '2015-12-04 03:00:56', 'User admin Lihat data menu Data Produk', '2015-12-04 03:00:56', 1, 0),
(2539, 'Tambah', 'Data Produk', '2015-12-04 03:01:39', 'User admin Tambah data menu Data Produk', '2015-12-04 03:01:39', 1, 0),
(2540, 'Lihat', 'Data Produk', '2015-12-04 03:01:40', 'User admin Lihat data menu Data Produk', '2015-12-04 03:01:40', 1, 0),
(2541, 'Tambah', 'Data Produk', '2015-12-04 03:02:01', 'User admin Tambah data menu Data Produk', '2015-12-04 03:02:01', 1, 0),
(2542, 'Lihat', 'Data Produk', '2015-12-04 03:02:02', 'User admin Lihat data menu Data Produk', '2015-12-04 03:02:02', 1, 0),
(2543, 'Tambah', 'Data Produk', '2015-12-04 03:03:43', 'User admin Tambah data menu Data Produk', '2015-12-04 03:03:43', 1, 0),
(2544, 'Lihat', 'Data Produk', '2015-12-04 03:03:44', 'User admin Lihat data menu Data Produk', '2015-12-04 03:03:44', 1, 0),
(2545, 'Tambah', 'Data Produk', '2015-12-04 03:04:05', 'User admin Tambah data menu Data Produk', '2015-12-04 03:04:05', 1, 0),
(2546, 'Lihat', 'Data Produk', '2015-12-04 03:04:06', 'User admin Lihat data menu Data Produk', '2015-12-04 03:04:06', 1, 0),
(2547, 'Tambah', 'Data Produk', '2015-12-04 03:05:56', 'User admin Tambah data menu Data Produk', '2015-12-04 03:05:56', 1, 0),
(2548, 'Lihat', 'Data Produk', '2015-12-04 03:05:58', 'User admin Lihat data menu Data Produk', '2015-12-04 03:05:58', 1, 0),
(2549, 'Lihat', 'Data Role', '2015-12-04 03:06:14', 'User admin Lihat data menu Data Role', '2015-12-04 03:06:14', 1, 0),
(2550, 'Tambah', 'Data Role', '2015-12-04 03:06:22', 'User admin Tambah data menu Data Role', '2015-12-04 03:06:22', 1, 0),
(2551, 'Lihat', 'Data Role', '2015-12-04 03:06:23', 'User admin Lihat data menu Data Role', '2015-12-04 03:06:23', 1, 0),
(2552, 'Lihat', 'Data User', '2015-12-04 03:06:57', 'User admin Lihat data menu Data User', '2015-12-04 03:06:57', 1, 0),
(2553, 'Tambah', 'Data Produk', '2015-12-04 03:07:17', 'User admin Tambah data menu Data Produk', '2015-12-04 03:07:17', 1, 0),
(2554, 'Lihat', 'Data Produk', '2015-12-04 03:07:19', 'User admin Lihat data menu Data Produk', '2015-12-04 03:07:19', 1, 0),
(2555, 'Lihat', 'Data User', '2015-12-04 03:07:41', 'User admin Lihat data menu Data User', '2015-12-04 03:07:41', 1, 0),
(2556, 'Tambah', 'Data Produk', '2015-12-04 03:07:50', 'User admin Tambah data menu Data Produk', '2015-12-04 03:07:50', 1, 0),
(2557, 'Lihat', 'Data Produk', '2015-12-04 03:07:51', 'User admin Lihat data menu Data Produk', '2015-12-04 03:07:51', 1, 0),
(2558, 'Tambah', 'Data Produk', '2015-12-04 03:08:16', 'User admin Tambah data menu Data Produk', '2015-12-04 03:08:16', 1, 0),
(2559, 'Lihat', 'Data Produk', '2015-12-04 03:08:17', 'User admin Lihat data menu Data Produk', '2015-12-04 03:08:17', 1, 0),
(2560, 'Tambah', 'Data Produk', '2015-12-04 03:08:38', 'User admin Tambah data menu Data Produk', '2015-12-04 03:08:38', 1, 0),
(2561, 'Lihat', 'Data Produk', '2015-12-04 03:08:39', 'User admin Lihat data menu Data Produk', '2015-12-04 03:08:39', 1, 0),
(2562, 'Tambah', 'Data Produk', '2015-12-04 03:09:10', 'User admin Tambah data menu Data Produk', '2015-12-04 03:09:10', 1, 0),
(2563, 'Lihat', 'Data Produk', '2015-12-04 03:09:11', 'User admin Lihat data menu Data Produk', '2015-12-04 03:09:11', 1, 0),
(2564, 'Lihat', 'Data User', '2015-12-04 03:09:28', 'User admin Lihat data menu Data User', '2015-12-04 03:09:28', 1, 0),
(2565, 'Tambah', 'Data Produk', '2015-12-04 03:09:37', 'User admin Tambah data menu Data Produk', '2015-12-04 03:09:37', 1, 0),
(2566, 'Lihat', 'Data Produk', '2015-12-04 03:09:38', 'User admin Lihat data menu Data Produk', '2015-12-04 03:09:38', 1, 0),
(2567, 'Tambah', 'Data Produk', '2015-12-04 03:10:03', 'User admin Tambah data menu Data Produk', '2015-12-04 03:10:03', 1, 0),
(2568, 'Lihat', 'Data Produk', '2015-12-04 03:10:04', 'User admin Lihat data menu Data Produk', '2015-12-04 03:10:04', 1, 0),
(2569, 'Tambah', 'Data Produk', '2015-12-04 03:11:06', 'User admin Tambah data menu Data Produk', '2015-12-04 03:11:06', 1, 0),
(2570, 'Lihat', 'Data Produk', '2015-12-04 03:11:07', 'User admin Lihat data menu Data Produk', '2015-12-04 03:11:07', 1, 0),
(2571, 'Tambah', 'Data Produk', '2015-12-04 03:11:56', 'User admin Tambah data menu Data Produk', '2015-12-04 03:11:56', 1, 0),
(2572, 'Lihat', 'Data Produk', '2015-12-04 03:11:58', 'User admin Lihat data menu Data Produk', '2015-12-04 03:11:58', 1, 0),
(2573, 'Tambah', 'Data Produk', '2015-12-04 03:12:19', 'User admin Tambah data menu Data Produk', '2015-12-04 03:12:19', 1, 0),
(2574, 'Lihat', 'Data Produk', '2015-12-04 03:12:21', 'User admin Lihat data menu Data Produk', '2015-12-04 03:12:21', 1, 0),
(2575, 'Tambah', 'Data Produk', '2015-12-04 03:12:40', 'User admin Tambah data menu Data Produk', '2015-12-04 03:12:40', 1, 0),
(2576, 'Lihat', 'Data Produk', '2015-12-04 03:12:41', 'User admin Lihat data menu Data Produk', '2015-12-04 03:12:41', 1, 0),
(2577, 'Tambah', 'Data Produk', '2015-12-04 03:14:16', 'User admin Tambah data menu Data Produk', '2015-12-04 03:14:16', 1, 0),
(2578, 'Lihat', 'Data Produk', '2015-12-04 03:14:17', 'User admin Lihat data menu Data Produk', '2015-12-04 03:14:17', 1, 0),
(2579, 'Lihat', 'Data User', '2015-12-04 03:14:37', 'User admin Lihat data menu Data User', '2015-12-04 03:14:37', 1, 0),
(2580, 'Tambah', 'Data Produk', '2015-12-04 03:14:43', 'User admin Tambah data menu Data Produk', '2015-12-04 03:14:43', 1, 0),
(2581, 'Lihat', 'Data Produk', '2015-12-04 03:14:44', 'User admin Lihat data menu Data Produk', '2015-12-04 03:14:44', 1, 0),
(2582, 'Lihat', 'Data User', '2015-12-04 03:15:19', 'User admin Lihat data menu Data User', '2015-12-04 03:15:19', 1, 0),
(2583, 'Tambah', 'Data User', '2015-12-04 03:15:32', 'User admin Tambah data menu Data User', '2015-12-04 03:15:32', 1, 0),
(2584, 'Lihat', 'Data User', '2015-12-04 03:15:33', 'User admin Lihat data menu Data User', '2015-12-04 03:15:33', 1, 0),
(2585, 'Tambah', 'Data Produk', '2015-12-04 03:15:43', 'User admin Tambah data menu Data Produk', '2015-12-04 03:15:43', 1, 0),
(2586, 'Lihat', 'Data Produk', '2015-12-04 03:15:44', 'User admin Lihat data menu Data Produk', '2015-12-04 03:15:44', 1, 0),
(2587, 'Tambah', 'Data Produk', '2015-12-04 03:16:12', 'User admin Tambah data menu Data Produk', '2015-12-04 03:16:12', 1, 0),
(2588, 'Lihat', 'Data Produk', '2015-12-04 03:16:13', 'User admin Lihat data menu Data Produk', '2015-12-04 03:16:13', 1, 0),
(2589, 'Tambah', 'Data Produk', '2015-12-04 03:16:47', 'User admin Tambah data menu Data Produk', '2015-12-04 03:16:47', 1, 0),
(2590, 'Lihat', 'Data Produk', '2015-12-04 03:16:48', 'User admin Lihat data menu Data Produk', '2015-12-04 03:16:48', 1, 0),
(2591, 'Tambah', 'Data Produk', '2015-12-04 03:20:01', 'User admin Tambah data menu Data Produk', '2015-12-04 03:20:01', 1, 0),
(2592, 'Lihat', 'Data Produk', '2015-12-04 03:20:03', 'User admin Lihat data menu Data Produk', '2015-12-04 03:20:03', 1, 0),
(2593, 'Tambah', 'Data Produk', '2015-12-04 03:20:23', 'User admin Tambah data menu Data Produk', '2015-12-04 03:20:23', 1, 0),
(2594, 'Lihat', 'Data Produk', '2015-12-04 03:20:24', 'User admin Lihat data menu Data Produk', '2015-12-04 03:20:24', 1, 0),
(2595, 'Tambah', 'Data Produk', '2015-12-04 03:20:38', 'User admin Tambah data menu Data Produk', '2015-12-04 03:20:38', 1, 0),
(2596, 'Lihat', 'Data Produk', '2015-12-04 03:20:39', 'User admin Lihat data menu Data Produk', '2015-12-04 03:20:39', 1, 0),
(2597, 'Tambah', 'Data Produk', '2015-12-04 03:20:53', 'User admin Tambah data menu Data Produk', '2015-12-04 03:20:53', 1, 0),
(2598, 'Lihat', 'Data Produk', '2015-12-04 03:20:55', 'User admin Lihat data menu Data Produk', '2015-12-04 03:20:55', 1, 0),
(2599, 'Lihat', 'Data User', '2015-12-04 03:24:31', 'User admin Lihat data menu Data User', '2015-12-04 03:24:31', 1, 0),
(2600, 'Lihat', 'Data User', '2015-12-04 03:24:58', 'User admin Lihat data menu Data User', '2015-12-04 03:24:58', 1, 0),
(2601, 'Lihat', 'Data Role', '2015-12-04 03:25:58', 'User admin Lihat data menu Data Role', '2015-12-04 03:25:58', 1, 0),
(2602, 'Lihat', 'Data User', '2015-12-04 03:26:23', 'User admin Lihat data menu Data User', '2015-12-04 03:26:23', 1, 0),
(2603, 'Lihat', 'Data User', '2015-12-04 03:26:33', 'User admin Lihat data menu Data User', '2015-12-04 03:26:33', 1, 0),
(2604, 'Lihat', 'Data Role', '2015-12-04 03:30:07', 'User admin Lihat data menu Data Role', '2015-12-04 03:30:07', 1, 0),
(2605, 'Hapus', 'Data Role', '2015-12-04 03:30:42', 'User admin Hapus data menu Data Role', '2015-12-04 03:30:42', 1, 0),
(2606, 'Lihat', 'Data Role', '2015-12-04 03:30:43', 'User admin Lihat data menu Data Role', '2015-12-04 03:30:43', 1, 0),
(2607, 'Lihat', 'Data User', '2015-12-04 03:31:10', 'User admin Lihat data menu Data User', '2015-12-04 03:31:10', 1, 0),
(2608, 'Hapus', 'Data User', '2015-12-04 03:31:21', 'User admin Hapus data menu Data User', '2015-12-04 03:31:21', 1, 0),
(2609, 'Lihat', 'Data Role', '2015-12-04 03:32:07', 'User dion Lihat data menu Data Role', '2015-12-04 03:32:07', 12, 0),
(2610, 'Hapus', 'Data User', '2015-12-04 03:34:14', 'User admin Hapus data menu Data User', '2015-12-04 03:34:14', 1, 0),
(2611, 'Lihat', 'Data User', '2015-12-04 03:34:15', 'User admin Lihat data menu Data User', '2015-12-04 03:34:15', 1, 0),
(2612, 'Lihat', 'Data User', '2015-12-04 03:37:40', 'User admin Lihat data menu Data User', '2015-12-04 03:37:40', 1, 0),
(2613, 'Hapus', 'Data User', '2015-12-04 03:38:08', 'User admin Hapus data menu Data User', '2015-12-04 03:38:08', 1, 0),
(2614, 'Lihat', 'Data User', '2015-12-04 03:38:09', 'User admin Lihat data menu Data User', '2015-12-04 03:38:09', 1, 0),
(2615, 'Lihat', 'Data User', '2015-12-04 03:38:54', 'User admin Lihat data menu Data User', '2015-12-04 03:38:54', 1, 0),
(2616, 'Lihat', 'Data User', '2015-12-04 03:38:57', 'User admin Lihat data menu Data User', '2015-12-04 03:38:57', 1, 0),
(2617, 'Tambah', 'Data User', '2015-12-04 03:39:11', 'User admin Tambah data menu Data User', '2015-12-04 03:39:11', 1, 0),
(2618, 'Lihat', 'Data User', '2015-12-04 03:39:12', 'User admin Lihat data menu Data User', '2015-12-04 03:39:12', 1, 0),
(2619, 'Lihat', 'Data Role', '2015-12-06 20:09:39', 'User admin Lihat data menu Data Role', '2015-12-06 20:09:39', 1, 0),
(2620, 'Lihat', 'Data Role', '2015-12-06 20:10:20', 'User admin Lihat data menu Data Role', '2015-12-06 20:10:20', 1, 0),
(2621, 'Lihat', 'Data Pesan', '2015-12-06 20:15:53', 'User admin Lihat data menu Data Pesan', '2015-12-06 20:15:53', 1, 0),
(2622, 'Lihat', 'Data Kategori', '2015-12-15 22:37:43', 'User admin Lihat data menu Data Kategori', '2015-12-15 22:37:43', 1, 0),
(2623, 'Lihat', 'Data Produk', '2015-12-15 22:38:08', 'User admin Lihat data menu Data Produk', '2015-12-15 22:38:08', 1, 0),
(2624, 'Tambah', 'Data Produk', '2015-12-15 22:55:05', 'User admin Tambah data menu Data Produk', '2015-12-15 22:55:05', 1, 0),
(2625, 'Lihat', 'Data Produk', '2015-12-15 22:55:06', 'User admin Lihat data menu Data Produk', '2015-12-15 22:55:06', 1, 0),
(2626, 'Lihat', 'Data Produk', '2015-12-16 01:15:00', 'User admin Lihat data menu Data Produk', '2015-12-16 01:15:00', 1, 0),
(2627, 'Lihat', 'Data Kategori', '2015-12-17 20:39:45', 'User admin Lihat data menu Data Kategori', '2015-12-17 20:39:45', 1, 0),
(2628, 'Lihat', 'Data Kategori', '2015-12-17 20:41:37', 'User admin Lihat data menu Data Kategori', '2015-12-17 20:41:37', 1, 0),
(2629, 'Lihat', 'Data Kategori', '2015-12-17 20:41:53', 'User admin Lihat data menu Data Kategori', '2015-12-17 20:41:53', 1, 0),
(2630, 'Lihat', 'Data Kategori', '2015-12-17 20:42:02', 'User admin Lihat data menu Data Kategori', '2015-12-17 20:42:02', 1, 0),
(2631, 'Lihat', 'Data Kategori', '2015-12-17 20:46:12', 'User admin Lihat data menu Data Kategori', '2015-12-17 20:46:12', 1, 0),
(2632, 'Lihat', 'Data Kategori', '2015-12-17 20:46:26', 'User admin Lihat data menu Data Kategori', '2015-12-17 20:46:26', 1, 0),
(2633, 'Lihat', 'Data Kategori', '2015-12-17 20:46:54', 'User admin Lihat data menu Data Kategori', '2015-12-17 20:46:54', 1, 0),
(2634, 'Lihat', 'Data Kategori', '2015-12-17 20:47:11', 'User admin Lihat data menu Data Kategori', '2015-12-17 20:47:11', 1, 0),
(2635, 'Lihat', 'Data Kategori', '2015-12-17 20:47:53', 'User admin Lihat data menu Data Kategori', '2015-12-17 20:47:53', 1, 0),
(2636, 'Lihat', 'Data Kategori', '2015-12-17 20:49:26', 'User admin Lihat data menu Data Kategori', '2015-12-17 20:49:26', 1, 0),
(2637, 'Lihat', 'Data Produk', '2015-12-17 20:49:50', 'User admin Lihat data menu Data Produk', '2015-12-17 20:49:50', 1, 0),
(2638, 'Lihat', 'Data Produk', '2015-12-17 20:51:10', 'User admin Lihat data menu Data Produk', '2015-12-17 20:51:10', 1, 0),
(2639, 'Lihat', 'Data Kategori', '2015-12-17 20:51:23', 'User admin Lihat data menu Data Kategori', '2015-12-17 20:51:23', 1, 0),
(2640, 'Lihat', 'Data Kategori', '2015-12-17 20:51:51', 'User admin Lihat data menu Data Kategori', '2015-12-17 20:51:51', 1, 0),
(2641, 'Lihat', 'Data Kategori', '2015-12-17 20:52:25', 'User admin Lihat data menu Data Kategori', '2015-12-17 20:52:25', 1, 0),
(2642, 'Lihat', 'Data Kategori', '2015-12-17 20:52:47', 'User admin Lihat data menu Data Kategori', '2015-12-17 20:52:47', 1, 0),
(2643, 'Lihat', 'Data Kategori', '2015-12-17 20:55:57', 'User admin Lihat data menu Data Kategori', '2015-12-17 20:55:57', 1, 0),
(2644, 'Lihat', 'Data Kategori', '2015-12-17 20:56:13', 'User admin Lihat data menu Data Kategori', '2015-12-17 20:56:13', 1, 0),
(2645, 'Lihat', 'Data Kategori', '2015-12-17 21:02:56', 'User admin Lihat data menu Data Kategori', '2015-12-17 21:02:56', 1, 0),
(2646, 'Tambah', 'Data Kategori', '2015-12-17 21:04:13', 'User admin Tambah data menu Data Kategori', '2015-12-17 21:04:13', 1, 0),
(2647, 'Tambah', 'Data Kategori', '2015-12-17 21:05:38', 'User admin Tambah data menu Data Kategori', '2015-12-17 21:05:38', 1, 0),
(2648, 'Tambah', 'Data Kategori', '2015-12-17 21:06:27', 'User admin Tambah data menu Data Kategori', '2015-12-17 21:06:27', 1, 0),
(2649, 'Tambah', 'Data Kategori', '2015-12-17 21:07:50', 'User admin Tambah data menu Data Kategori', '2015-12-17 21:07:50', 1, 0),
(2650, 'Tambah', 'Data Kategori', '2015-12-17 21:09:35', 'User admin Tambah data menu Data Kategori', '2015-12-17 21:09:35', 1, 0),
(2651, 'Lihat', 'Data Kategori', '2015-12-17 21:09:37', 'User admin Lihat data menu Data Kategori', '2015-12-17 21:09:37', 1, 0),
(2652, 'Lihat', 'Data Produk', '2015-12-17 21:09:48', 'User admin Lihat data menu Data Produk', '2015-12-17 21:09:48', 1, 0),
(2653, 'Lihat', 'Data Produk', '2015-12-17 21:10:01', 'User admin Lihat data menu Data Produk', '2015-12-17 21:10:01', 1, 0),
(2654, 'Lihat', 'Data Produk', '2015-12-17 21:10:14', 'User admin Lihat data menu Data Produk', '2015-12-17 21:10:14', 1, 0),
(2655, 'Lihat', 'Data Produk', '2015-12-17 21:12:37', 'User admin Lihat data menu Data Produk', '2015-12-17 21:12:37', 1, 0),
(2656, 'Tambah', 'Data Produk', '2015-12-17 21:13:45', 'User admin Tambah data menu Data Produk', '2015-12-17 21:13:45', 1, 0),
(2657, 'Lihat', 'Data Produk', '2015-12-17 21:13:46', 'User admin Lihat data menu Data Produk', '2015-12-17 21:13:46', 1, 0),
(2658, 'Lihat', 'Data Produk', '2015-12-18 03:52:38', 'User admin Lihat data menu Data Produk', '2015-12-18 03:52:38', 1, 0),
(2659, 'Lihat', 'Data Link Social', '2015-12-18 03:53:00', 'User admin Lihat data menu Data Link Social', '2015-12-18 03:53:00', 1, 0),
(2660, 'Lihat', 'Data Produk', '2015-12-20 20:29:37', 'User admin Lihat data menu Data Produk', '2015-12-20 20:29:37', 1, 0),
(2661, 'Lihat', 'Data Produk', '2015-12-20 20:29:56', 'User admin Lihat data menu Data Produk', '2015-12-20 20:29:56', 1, 0),
(2662, 'Lihat', 'Data Produk', '2015-12-20 20:30:05', 'User admin Lihat data menu Data Produk', '2015-12-20 20:30:05', 1, 0),
(2663, 'Lihat', 'Data Produk', '2015-12-20 20:30:43', 'User admin Lihat data menu Data Produk', '2015-12-20 20:30:43', 1, 0),
(2664, 'Lihat', 'Data Produk', '2015-12-20 20:31:01', 'User admin Lihat data menu Data Produk', '2015-12-20 20:31:01', 1, 0),
(2665, 'Lihat', 'Data Produk', '2015-12-20 20:31:23', 'User admin Lihat data menu Data Produk', '2015-12-20 20:31:23', 1, 0),
(2666, 'Lihat', 'Data Produk', '2015-12-20 20:32:59', 'User admin Lihat data menu Data Produk', '2015-12-20 20:32:59', 1, 0),
(2667, 'Lihat', 'Data Produk', '2015-12-20 20:33:11', 'User admin Lihat data menu Data Produk', '2015-12-20 20:33:11', 1, 0),
(2668, 'Lihat', 'Data Produk', '2015-12-20 20:33:27', 'User admin Lihat data menu Data Produk', '2015-12-20 20:33:27', 1, 0),
(2669, 'Lihat', 'Data Produk', '2015-12-20 20:35:29', 'User admin Lihat data menu Data Produk', '2015-12-20 20:35:29', 1, 0),
(2670, 'Lihat', 'Data Produk', '2015-12-20 20:52:26', 'User admin Lihat data menu Data Produk', '2015-12-20 20:52:26', 1, 0),
(2671, 'Lihat', 'Data Link Social', '2015-12-20 20:52:30', 'User admin Lihat data menu Data Link Social', '2015-12-20 20:52:30', 1, 0),
(2672, 'Ubah', 'Data Link Social', '2015-12-20 20:52:47', 'User admin Ubah data menu Data Link Social', '2015-12-20 20:52:47', 1, 0),
(2673, 'Lihat', 'Data Link Social', '2015-12-20 20:52:48', 'User admin Lihat data menu Data Link Social', '2015-12-20 20:52:48', 1, 0),
(2674, 'Lihat', 'Data User', '2015-12-20 20:53:08', 'User admin Lihat data menu Data User', '2015-12-20 20:53:08', 1, 0),
(2675, 'Lihat', 'Data Produk', '2015-12-20 20:53:12', 'User admin Lihat data menu Data Produk', '2015-12-20 20:53:12', 1, 0),
(2676, 'Lihat', 'Data Produk', '2015-12-20 20:53:29', 'User admin Lihat data menu Data Produk', '2015-12-20 20:53:29', 1, 0),
(2677, 'Lihat', 'Data Produk', '2015-12-20 20:55:07', 'User admin Lihat data menu Data Produk', '2015-12-20 20:55:07', 1, 0),
(2678, 'Lihat', 'Data Produk', '2015-12-20 21:02:58', 'User admin Lihat data menu Data Produk', '2015-12-20 21:02:58', 1, 0),
(2679, 'Ubah', 'Data Produk', '2015-12-20 21:05:45', 'User admin Ubah data menu Data Produk', '2015-12-20 21:05:45', 1, 0),
(2680, 'Lihat', 'Data Produk', '2015-12-20 21:05:46', 'User admin Lihat data menu Data Produk', '2015-12-20 21:05:46', 1, 0),
(2681, 'Ubah', 'Data Produk', '2015-12-20 21:05:59', 'User admin Ubah data menu Data Produk', '2015-12-20 21:05:59', 1, 0),
(2682, 'Lihat', 'Data Produk', '2015-12-20 21:06:01', 'User admin Lihat data menu Data Produk', '2015-12-20 21:06:01', 1, 0),
(2683, 'Lihat', 'Data Produk', '2015-12-20 21:07:13', 'User admin Lihat data menu Data Produk', '2015-12-20 21:07:13', 1, 0),
(2684, 'Lihat', 'Data Produk', '2015-12-20 21:07:33', 'User admin Lihat data menu Data Produk', '2015-12-20 21:07:33', 1, 0),
(2685, 'Ubah', 'Data Produk', '2015-12-20 21:07:52', 'User admin Ubah data menu Data Produk', '2015-12-20 21:07:52', 1, 0),
(2686, 'Lihat', 'Data Produk', '2015-12-20 21:08:04', 'User admin Lihat data menu Data Produk', '2015-12-20 21:08:04', 1, 0),
(2687, 'Lihat', 'Data Produk', '2015-12-20 21:09:36', 'User admin Lihat data menu Data Produk', '2015-12-20 21:09:36', 1, 0),
(2688, 'Lihat', 'Data Produk', '2015-12-20 21:11:36', 'User admin Lihat data menu Data Produk', '2015-12-20 21:11:36', 1, 0),
(2689, 'Ubah', 'Data Produk', '2015-12-20 21:11:48', 'User admin Ubah data menu Data Produk', '2015-12-20 21:11:48', 1, 0),
(2690, 'Lihat', 'Data Produk', '2015-12-20 21:12:35', 'User admin Lihat data menu Data Produk', '2015-12-20 21:12:35', 1, 0),
(2691, 'Lihat', 'Data Produk', '2015-12-20 21:12:51', 'User admin Lihat data menu Data Produk', '2015-12-20 21:12:51', 1, 0),
(2692, 'Ubah', 'Data Produk', '2015-12-20 21:13:01', 'User admin Ubah data menu Data Produk', '2015-12-20 21:13:01', 1, 0),
(2693, 'Lihat', 'Data Produk', '2015-12-20 21:13:32', 'User admin Lihat data menu Data Produk', '2015-12-20 21:13:32', 1, 0),
(2694, 'Ubah', 'Data Produk', '2015-12-20 21:13:41', 'User admin Ubah data menu Data Produk', '2015-12-20 21:13:41', 1, 0),
(2695, 'Lihat', 'Data Produk', '2015-12-20 21:14:40', 'User admin Lihat data menu Data Produk', '2015-12-20 21:14:40', 1, 0),
(2696, 'Ubah', 'Data Produk', '2015-12-20 21:15:01', 'User admin Ubah data menu Data Produk', '2015-12-20 21:15:01', 1, 0),
(2697, 'Lihat', 'Data Produk', '2015-12-20 21:15:13', 'User admin Lihat data menu Data Produk', '2015-12-20 21:15:13', 1, 0),
(2698, 'Ubah', 'Data Produk', '2015-12-20 21:15:33', 'User admin Ubah data menu Data Produk', '2015-12-20 21:15:33', 1, 0),
(2699, 'Lihat', 'Data Produk', '2015-12-20 21:16:36', 'User admin Lihat data menu Data Produk', '2015-12-20 21:16:36', 1, 0),
(2700, 'Ubah', 'Data Produk', '2015-12-20 21:16:57', 'User admin Ubah data menu Data Produk', '2015-12-20 21:16:57', 1, 0),
(2701, 'Lihat', 'Data Produk', '2015-12-20 21:17:54', 'User admin Lihat data menu Data Produk', '2015-12-20 21:17:54', 1, 0),
(2702, 'Ubah', 'Data Produk', '2015-12-20 21:18:15', 'User admin Ubah data menu Data Produk', '2015-12-20 21:18:15', 1, 0),
(2703, 'Ubah', 'Data Produk', '2015-12-20 21:18:55', 'User admin Ubah data menu Data Produk', '2015-12-20 21:18:55', 1, 0),
(2704, 'Lihat', 'Data Produk', '2015-12-20 21:19:05', 'User admin Lihat data menu Data Produk', '2015-12-20 21:19:05', 1, 0),
(2705, 'Ubah', 'Data Produk', '2015-12-20 21:19:21', 'User admin Ubah data menu Data Produk', '2015-12-20 21:19:21', 1, 0),
(2706, 'Ubah', 'Data Produk', '2015-12-20 21:20:09', 'User admin Ubah data menu Data Produk', '2015-12-20 21:20:09', 1, 0),
(2707, 'Lihat', 'Data Produk', '2015-12-20 21:20:35', 'User admin Lihat data menu Data Produk', '2015-12-20 21:20:35', 1, 0),
(2708, 'Ubah', 'Data Produk', '2015-12-20 21:20:49', 'User admin Ubah data menu Data Produk', '2015-12-20 21:20:49', 1, 0),
(2709, 'Lihat', 'Data Produk', '2015-12-20 21:21:20', 'User admin Lihat data menu Data Produk', '2015-12-20 21:21:20', 1, 0),
(2710, 'Ubah', 'Data Produk', '2015-12-20 21:21:37', 'User admin Ubah data menu Data Produk', '2015-12-20 21:21:37', 1, 0),
(2711, 'Lihat', 'Data Produk', '2015-12-20 21:22:02', 'User admin Lihat data menu Data Produk', '2015-12-20 21:22:02', 1, 0),
(2712, 'Ubah', 'Data Produk', '2015-12-20 21:22:14', 'User admin Ubah data menu Data Produk', '2015-12-20 21:22:14', 1, 0),
(2713, 'Lihat', 'Data Produk', '2015-12-20 21:24:15', 'User admin Lihat data menu Data Produk', '2015-12-20 21:24:15', 1, 0),
(2714, 'Ubah', 'Data Produk', '2015-12-20 21:24:24', 'User admin Ubah data menu Data Produk', '2015-12-20 21:24:24', 1, 0),
(2715, 'Lihat', 'Data Produk', '2015-12-20 21:25:27', 'User admin Lihat data menu Data Produk', '2015-12-20 21:25:27', 1, 0),
(2716, 'Ubah', 'Data Produk', '2015-12-20 21:25:39', 'User admin Ubah data menu Data Produk', '2015-12-20 21:25:39', 1, 0),
(2717, 'Lihat', 'Data Produk', '2015-12-20 21:25:40', 'User admin Lihat data menu Data Produk', '2015-12-20 21:25:40', 1, 0),
(2718, 'Ubah', 'Data Produk', '2015-12-20 21:26:00', 'User admin Ubah data menu Data Produk', '2015-12-20 21:26:00', 1, 0),
(2719, 'Lihat', 'Data Produk', '2015-12-20 21:26:01', 'User admin Lihat data menu Data Produk', '2015-12-20 21:26:01', 1, 0),
(2720, 'Lihat', 'Data Produk', '2015-12-20 21:26:16', 'User admin Lihat data menu Data Produk', '2015-12-20 21:26:16', 1, 0),
(2721, 'Lihat', 'Data Kategori', '2015-12-20 22:29:14', 'User admin Lihat data menu Data Kategori', '2015-12-20 22:29:14', 1, 0),
(2722, 'Lihat', 'Data Produk', '2015-12-20 22:29:24', 'User admin Lihat data menu Data Produk', '2015-12-20 22:29:24', 1, 0),
(2723, 'Lihat', 'Data Produk', '2015-12-20 22:29:36', 'User admin Lihat data menu Data Produk', '2015-12-20 22:29:36', 1, 0),
(2724, 'Lihat', 'Data Role', '2015-12-20 22:37:04', 'User admin Lihat data menu Data Role', '2015-12-20 22:37:04', 1, 0),
(2725, 'Lihat', 'Data Role', '2015-12-20 22:37:20', 'User admin Lihat data menu Data Role', '2015-12-20 22:37:20', 1, 0),
(2726, 'Lihat', 'Data Role', '2015-12-20 22:38:26', 'User admin Lihat data menu Data Role', '2015-12-20 22:38:26', 1, 0),
(2727, 'Lihat', 'Data Role', '2015-12-20 22:43:32', 'User admin Lihat data menu Data Role', '2015-12-20 22:43:32', 1, 0),
(2728, 'Lihat', 'Data Role', '2015-12-20 22:45:28', 'User admin Lihat data menu Data Role', '2015-12-20 22:45:28', 1, 0),
(2729, 'Lihat', 'Data Role', '2015-12-20 22:45:33', 'User admin Lihat data menu Data Role', '2015-12-20 22:45:33', 1, 0),
(2730, 'Lihat', 'Data User', '2016-11-29 01:12:51', 'User admin Lihat data menu Data User', '2016-11-29 01:12:51', 1, 0),
(2731, 'Tambah', 'Data User', '2016-11-29 01:13:41', 'User admin Tambah data menu Data User', '2016-11-29 01:13:41', 1, 0),
(2732, 'Lihat', 'Data User', '2016-11-29 01:13:42', 'User admin Lihat data menu Data User', '2016-11-29 01:13:42', 1, 0),
(2733, 'Lihat', 'Data Role', '2016-11-29 01:13:47', 'User admin Lihat data menu Data Role', '2016-11-29 01:13:47', 1, 0),
(2734, 'Lihat', 'Data Kategori', '2016-11-29 01:13:54', 'User admin Lihat data menu Data Kategori', '2016-11-29 01:13:54', 1, 0),
(2735, 'Lihat', 'Data Link Social', '2016-11-29 01:14:01', 'User admin Lihat data menu Data Link Social', '2016-11-29 01:14:01', 1, 0),
(2736, 'Lihat', 'Data Produk', '2018-01-15 21:23:59', 'User admin Lihat data menu Data Produk', '2018-01-15 21:23:59', 1, 0);

-- --------------------------------------------------------

--
-- Table structure for table `setting_akses_menu`
--

CREATE TABLE `setting_akses_menu` (
  `am_id` smallint(6) NOT NULL,
  `role_id` smallint(6) NOT NULL,
  `dm_role` tinyint(1) NOT NULL,
  `dm_role_aksi` varchar(10) NOT NULL,
  `dm_user` tinyint(1) NOT NULL,
  `dm_user_aksi` varchar(10) NOT NULL,
  `dm_akses_menu` tinyint(1) NOT NULL,
  `dm_akses_menu_aksi` varchar(10) NOT NULL,
  `dm_akses_password` tinyint(1) NOT NULL,
  `dm_akses_password_aksi` varchar(10) NOT NULL,
  `dm_produk` tinyint(1) NOT NULL,
  `dm_produk_aksi` varchar(10) NOT NULL,
  `dm_produk_kategori` tinyint(1) NOT NULL,
  `dm_produk_kategori_aksi` varchar(10) NOT NULL,
  `dm_about` tinyint(1) NOT NULL,
  `dm_about_aksi` varchar(10) NOT NULL,
  `dm_kontak` tinyint(1) NOT NULL,
  `dm_kontak_aksi` varchar(10) NOT NULL,
  `pg_backup` tinyint(1) NOT NULL,
  `pg_backup_aksi` varchar(10) NOT NULL,
  `pg_restore` tinyint(1) NOT NULL,
  `pg_restore_aksi` varchar(10) NOT NULL,
  `pg_profile` tinyint(1) NOT NULL,
  `pg_profile_aksi` varchar(10) NOT NULL,
  `pg_log` tinyint(1) NOT NULL,
  `pg_printer` tinyint(1) NOT NULL,
  `pg_printer_aksi` varchar(10) NOT NULL,
  `last_update` timestamp NULL DEFAULT NULL,
  `last_user_id` smallint(6) NOT NULL,
  `is_delete` tinyint(1) NOT NULL,
  `is_permanent` tinyint(1) NOT NULL
) ENGINE=InnoDB DEFAULT CHARSET=latin1;

--
-- Dumping data for table `setting_akses_menu`
--

INSERT INTO `setting_akses_menu` (`am_id`, `role_id`, `dm_role`, `dm_role_aksi`, `dm_user`, `dm_user_aksi`, `dm_akses_menu`, `dm_akses_menu_aksi`, `dm_akses_password`, `dm_akses_password_aksi`, `dm_produk`, `dm_produk_aksi`, `dm_produk_kategori`, `dm_produk_kategori_aksi`, `dm_about`, `dm_about_aksi`, `dm_kontak`, `dm_kontak_aksi`, `pg_backup`, `pg_backup_aksi`, `pg_restore`, `pg_restore_aksi`, `pg_profile`, `pg_profile_aksi`, `pg_log`, `pg_printer`, `pg_printer_aksi`, `last_update`, `last_user_id`, `is_delete`, `is_permanent`) VALUES
(1, 1, 1, '1~1~1', 1, '1~1~1', 1, '1~1~1', 1, '1~1~1', 1, '1~1~1', 1, '1~1~1', 1, '1~1~1', 1, '1~1~1', 1, '1~1~1~1', 1, '1~1~1~1', 1, '1~1~1~1', 1, 1, '1~1~1~1', '2015-11-12 03:40:54', 1, 1, 0);

-- --------------------------------------------------------

--
-- Table structure for table `setting_akses_password`
--

CREATE TABLE `setting_akses_password` (
  `akses_password_id` smallint(6) NOT NULL,
  `akses_password_menu` varchar(40) NOT NULL,
  `akses_password_fungsi` varchar(40) NOT NULL,
  `role_id` int(11) NOT NULL,
  `last_update` timestamp NULL DEFAULT NULL,
  `last_user_id` smallint(6) NOT NULL,
  `is_delete` tinyint(1) NOT NULL,
  `is_permanent` tinyint(1) NOT NULL
) ENGINE=InnoDB DEFAULT CHARSET=latin1;

--
-- Dumping data for table `setting_akses_password`
--

INSERT INTO `setting_akses_password` (`akses_password_id`, `akses_password_menu`, `akses_password_fungsi`, `role_id`, `last_update`, `last_user_id`, `is_delete`, `is_permanent`) VALUES
(1, 'user', 'delete', 4, '0000-00-00 00:00:00', 0, 0, 0);

-- --------------------------------------------------------

--
-- Table structure for table `setting_profile`
--

CREATE TABLE `setting_profile` (
  `profile_id` int(11) NOT NULL,
  `profile_title` varchar(30) NOT NULL,
  `profile_logo` varchar(255) NOT NULL,
  `profile_alamat` varchar(255) NOT NULL,
  `profile_telepon` varchar(255) NOT NULL,
  `profile_fax` varchar(255) NOT NULL,
  `profile_version` varchar(5) NOT NULL,
  `last_update` timestamp NULL DEFAULT NULL,
  `last_user_id` smallint(6) NOT NULL,
  `is_delete` tinyint(1) NOT NULL,
  `is_permanent` tinyint(1) NOT NULL
) ENGINE=InnoDB DEFAULT CHARSET=latin1;

--
-- Dumping data for table `setting_profile`
--

INSERT INTO `setting_profile` (`profile_id`, `profile_title`, `profile_logo`, `profile_alamat`, `profile_telepon`, `profile_fax`, `profile_version`, `last_update`, `last_user_id`, `is_delete`, `is_permanent`) VALUES
(1, 'Felice Florist & Souvenir', 'logo.png', 'Jl Brigjend Katamso No 69 Purwokerto', '081328156789 ', '(0274) 9172132', '0.1', '2015-12-06 20:17:53', 1, 0, 0);

--
-- Indexes for dumped tables
--

--
-- Indexes for table `about_us`
--
ALTER TABLE `about_us`
  ADD PRIMARY KEY (`about_id`);

--
-- Indexes for table `ci_sessions`
--
ALTER TABLE `ci_sessions`
  ADD PRIMARY KEY (`id`),
  ADD UNIQUE KEY `ci_sessions_id_ip` (`id`,`ip_address`),
  ADD KEY `ci_sessions_timestamp` (`timestamp`);

--
-- Indexes for table `data_pegawai`
--
ALTER TABLE `data_pegawai`
  ADD PRIMARY KEY (`pegawai_id`);

--
-- Indexes for table `data_produk`
--
ALTER TABLE `data_produk`
  ADD PRIMARY KEY (`produk_id`);

--
-- Indexes for table `data_role`
--
ALTER TABLE `data_role`
  ADD PRIMARY KEY (`role_id`);

--
-- Indexes for table `data_user`
--
ALTER TABLE `data_user`
  ADD PRIMARY KEY (`user_id`);

--
-- Indexes for table `kategori`
--
ALTER TABLE `kategori`
  ADD PRIMARY KEY (`kategori_id`);

--
-- Indexes for table `kontak`
--
ALTER TABLE `kontak`
  ADD PRIMARY KEY (`kontak_id`);

--
-- Indexes for table `log`
--
ALTER TABLE `log`
  ADD PRIMARY KEY (`log_id`);

--
-- Indexes for table `setting_akses_menu`
--
ALTER TABLE `setting_akses_menu`
  ADD PRIMARY KEY (`am_id`);

--
-- Indexes for table `setting_akses_password`
--
ALTER TABLE `setting_akses_password`
  ADD PRIMARY KEY (`akses_password_id`);

--
-- Indexes for table `setting_profile`
--
ALTER TABLE `setting_profile`
  ADD PRIMARY KEY (`profile_id`);

--
-- AUTO_INCREMENT for dumped tables
--

--
-- AUTO_INCREMENT for table `about_us`
--
ALTER TABLE `about_us`
  MODIFY `about_id` smallint(6) NOT NULL AUTO_INCREMENT, AUTO_INCREMENT=2;

--
-- AUTO_INCREMENT for table `data_pegawai`
--
ALTER TABLE `data_pegawai`
  MODIFY `pegawai_id` int(11) NOT NULL AUTO_INCREMENT;

--
-- AUTO_INCREMENT for table `data_produk`
--
ALTER TABLE `data_produk`
  MODIFY `produk_id` smallint(6) NOT NULL AUTO_INCREMENT, AUTO_INCREMENT=176;

--
-- AUTO_INCREMENT for table `data_role`
--
ALTER TABLE `data_role`
  MODIFY `role_id` smallint(6) NOT NULL AUTO_INCREMENT, AUTO_INCREMENT=5;

--
-- AUTO_INCREMENT for table `data_user`
--
ALTER TABLE `data_user`
  MODIFY `user_id` smallint(6) NOT NULL AUTO_INCREMENT, AUTO_INCREMENT=17;

--
-- AUTO_INCREMENT for table `kategori`
--
ALTER TABLE `kategori`
  MODIFY `kategori_id` smallint(6) NOT NULL AUTO_INCREMENT, AUTO_INCREMENT=23;

--
-- AUTO_INCREMENT for table `kontak`
--
ALTER TABLE `kontak`
  MODIFY `kontak_id` smallint(6) NOT NULL AUTO_INCREMENT, AUTO_INCREMENT=2;

--
-- AUTO_INCREMENT for table `log`
--
ALTER TABLE `log`
  MODIFY `log_id` bigint(20) NOT NULL AUTO_INCREMENT, AUTO_INCREMENT=2737;

--
-- AUTO_INCREMENT for table `setting_akses_menu`
--
ALTER TABLE `setting_akses_menu`
  MODIFY `am_id` smallint(6) NOT NULL AUTO_INCREMENT, AUTO_INCREMENT=2;

--
-- AUTO_INCREMENT for table `setting_akses_password`
--
ALTER TABLE `setting_akses_password`
  MODIFY `akses_password_id` smallint(6) NOT NULL AUTO_INCREMENT, AUTO_INCREMENT=2;

--
-- AUTO_INCREMENT for table `setting_profile`
--
ALTER TABLE `setting_profile`
  MODIFY `profile_id` int(11) NOT NULL AUTO_INCREMENT, AUTO_INCREMENT=2;
COMMIT;

/*!40101 SET CHARACTER_SET_CLIENT=@OLD_CHARACTER_SET_CLIENT */;
/*!40101 SET CHARACTER_SET_RESULTS=@OLD_CHARACTER_SET_RESULTS */;
/*!40101 SET COLLATION_CONNECTION=@OLD_COLLATION_CONNECTION */;
